# Quotients de mortalité par âge — tables du moment, France
# source_id: eurostat_mlifetable
# unite: probabilité de décès dans l'année, entre 0 et 1
#
# Ce fichier PRIME sur la calibration paramétrique : dès qu'un couple
# (année, sexe, âge) y figure, le moteur l'utilise tel quel et n'appelle
# pas la loi de Gompertz-Makeham. Au-delà du dernier âge publié — 84 ans
# jusqu'en 2011, 94 ans ensuite — et hors des années couvertes, la loi
# paramétrique reprend la main : c'est un raccord assumé, pas un oubli.
#
# Champ : France métropolitaine jusqu'en 1997, France entière ensuite.
# Avant 1986, Eurostat ne publie pas de table française ; les tables TD/TV
# de l'INSEE, seules à remonter plus haut, ne sont diffusées qu'en tableurs.
#
# Fichier écrit par scripts/verifier_donnees.py --appliquer : ne pas
# modifier à la main.
annee,sexe,age,qx,fiabilite
1986,F,0,0.007120,certifiee
1986,F,1,0.000590,certifiee
1986,F,10,0.000160,certifiee
1986,F,11,0.000170,certifiee
1986,F,12,0.000160,certifiee
1986,F,13,0.000180,certifiee
1986,F,14,0.000270,certifiee
1986,F,15,0.000250,certifiee
1986,F,16,0.000380,certifiee
1986,F,17,0.000430,certifiee
1986,F,18,0.000530,certifiee
1986,F,19,0.000500,certifiee
1986,F,2,0.000420,certifiee
1986,F,20,0.000560,certifiee
1986,F,21,0.000490,certifiee
1986,F,22,0.000480,certifiee
1986,F,23,0.000480,certifiee
1986,F,24,0.000510,certifiee
1986,F,25,0.000540,certifiee
1986,F,26,0.000530,certifiee
1986,F,27,0.000580,certifiee
1986,F,28,0.000590,certifiee
1986,F,29,0.000540,certifiee
1986,F,3,0.000320,certifiee
1986,F,30,0.000600,certifiee
1986,F,31,0.000690,certifiee
1986,F,32,0.000690,certifiee
1986,F,33,0.000740,certifiee
1986,F,34,0.000840,certifiee
1986,F,35,0.000840,certifiee
1986,F,36,0.001020,certifiee
1986,F,37,0.000970,certifiee
1986,F,38,0.001100,certifiee
1986,F,39,0.001130,certifiee
1986,F,4,0.000280,certifiee
1986,F,40,0.001380,certifiee
1986,F,41,0.001360,certifiee
1986,F,42,0.001500,certifiee
1986,F,43,0.001740,certifiee
1986,F,44,0.001940,certifiee
1986,F,45,0.001840,certifiee
1986,F,46,0.002130,certifiee
1986,F,47,0.002310,certifiee
1986,F,48,0.002510,certifiee
1986,F,49,0.002640,certifiee
1986,F,5,0.000210,certifiee
1986,F,50,0.003030,certifiee
1986,F,51,0.003290,certifiee
1986,F,52,0.003380,certifiee
1986,F,53,0.003790,certifiee
1986,F,54,0.004010,certifiee
1986,F,55,0.004300,certifiee
1986,F,56,0.004600,certifiee
1986,F,57,0.004920,certifiee
1986,F,58,0.005430,certifiee
1986,F,59,0.005800,certifiee
1986,F,6,0.000230,certifiee
1986,F,60,0.006510,certifiee
1986,F,61,0.006590,certifiee
1986,F,62,0.007340,certifiee
1986,F,63,0.007910,certifiee
1986,F,64,0.008860,certifiee
1986,F,65,0.009320,certifiee
1986,F,66,0.010870,certifiee
1986,F,67,0.010450,certifiee
1986,F,68,0.012800,certifiee
1986,F,69,0.014000,certifiee
1986,F,7,0.000180,certifiee
1986,F,70,0.014840,certifiee
1986,F,71,0.018310,certifiee
1986,F,72,0.019490,certifiee
1986,F,73,0.022420,certifiee
1986,F,74,0.024620,certifiee
1986,F,75,0.028460,certifiee
1986,F,76,0.033050,certifiee
1986,F,77,0.037290,certifiee
1986,F,78,0.042750,certifiee
1986,F,79,0.048270,certifiee
1986,F,8,0.000220,certifiee
1986,F,80,0.055490,certifiee
1986,F,81,0.064190,certifiee
1986,F,82,0.073240,certifiee
1986,F,83,0.081080,certifiee
1986,F,84,0.090280,certifiee
1986,F,9,0.000150,certifiee
1986,H,0,0.009220,certifiee
1986,H,1,0.000730,certifiee
1986,H,10,0.000260,certifiee
1986,H,11,0.000270,certifiee
1986,H,12,0.000260,certifiee
1986,H,13,0.000270,certifiee
1986,H,14,0.000400,certifiee
1986,H,15,0.000480,certifiee
1986,H,16,0.000690,certifiee
1986,H,17,0.000970,certifiee
1986,H,18,0.001230,certifiee
1986,H,19,0.001390,certifiee
1986,H,2,0.000480,certifiee
1986,H,20,0.001570,certifiee
1986,H,21,0.001530,certifiee
1986,H,22,0.001660,certifiee
1986,H,23,0.001620,certifiee
1986,H,24,0.001480,certifiee
1986,H,25,0.001510,certifiee
1986,H,26,0.001570,certifiee
1986,H,27,0.001500,certifiee
1986,H,28,0.001490,certifiee
1986,H,29,0.001510,certifiee
1986,H,3,0.000400,certifiee
1986,H,30,0.001600,certifiee
1986,H,31,0.001680,certifiee
1986,H,32,0.001700,certifiee
1986,H,33,0.001950,certifiee
1986,H,34,0.001840,certifiee
1986,H,35,0.001970,certifiee
1986,H,36,0.002100,certifiee
1986,H,37,0.002350,certifiee
1986,H,38,0.002440,certifiee
1986,H,39,0.002680,certifiee
1986,H,4,0.000380,certifiee
1986,H,40,0.002960,certifiee
1986,H,41,0.003190,certifiee
1986,H,42,0.003700,certifiee
1986,H,43,0.003810,certifiee
1986,H,44,0.004340,certifiee
1986,H,45,0.004420,certifiee
1986,H,46,0.005080,certifiee
1986,H,47,0.005380,certifiee
1986,H,48,0.005990,certifiee
1986,H,49,0.006670,certifiee
1986,H,5,0.000310,certifiee
1986,H,50,0.007140,certifiee
1986,H,51,0.008100,certifiee
1986,H,52,0.009530,certifiee
1986,H,53,0.010080,certifiee
1986,H,54,0.010800,certifiee
1986,H,55,0.012030,certifiee
1986,H,56,0.012690,certifiee
1986,H,57,0.013530,certifiee
1986,H,58,0.014420,certifiee
1986,H,59,0.015500,certifiee
1986,H,6,0.000250,certifiee
1986,H,60,0.017040,certifiee
1986,H,61,0.018050,certifiee
1986,H,62,0.019460,certifiee
1986,H,63,0.020760,certifiee
1986,H,64,0.022060,certifiee
1986,H,65,0.023630,certifiee
1986,H,66,0.027530,certifiee
1986,H,67,0.025160,certifiee
1986,H,68,0.030970,certifiee
1986,H,69,0.033040,certifiee
1986,H,7,0.000290,certifiee
1986,H,70,0.033360,certifiee
1986,H,71,0.041440,certifiee
1986,H,72,0.042860,certifiee
1986,H,73,0.047150,certifiee
1986,H,74,0.049380,certifiee
1986,H,75,0.056290,certifiee
1986,H,76,0.062610,certifiee
1986,H,77,0.069890,certifiee
1986,H,78,0.076460,certifiee
1986,H,79,0.085230,certifiee
1986,H,8,0.000290,certifiee
1986,H,80,0.090270,certifiee
1986,H,81,0.100520,certifiee
1986,H,82,0.111660,certifiee
1986,H,83,0.122580,certifiee
1986,H,84,0.134830,certifiee
1986,H,9,0.000280,certifiee
1987,F,0,0.006570,certifiee
1987,F,1,0.000590,certifiee
1987,F,10,0.000130,certifiee
1987,F,11,0.000170,certifiee
1987,F,12,0.000170,certifiee
1987,F,13,0.000200,certifiee
1987,F,14,0.000220,certifiee
1987,F,15,0.000270,certifiee
1987,F,16,0.000280,certifiee
1987,F,17,0.000360,certifiee
1987,F,18,0.000390,certifiee
1987,F,19,0.000480,certifiee
1987,F,2,0.000330,certifiee
1987,F,20,0.000480,certifiee
1987,F,21,0.000420,certifiee
1987,F,22,0.000450,certifiee
1987,F,23,0.000510,certifiee
1987,F,24,0.000500,certifiee
1987,F,25,0.000510,certifiee
1987,F,26,0.000460,certifiee
1987,F,27,0.000500,certifiee
1987,F,28,0.000570,certifiee
1987,F,29,0.000620,certifiee
1987,F,3,0.000290,certifiee
1987,F,30,0.000640,certifiee
1987,F,31,0.000640,certifiee
1987,F,32,0.000710,certifiee
1987,F,33,0.000680,certifiee
1987,F,34,0.000790,certifiee
1987,F,35,0.000860,certifiee
1987,F,36,0.000970,certifiee
1987,F,37,0.001000,certifiee
1987,F,38,0.001060,certifiee
1987,F,39,0.001220,certifiee
1987,F,4,0.000240,certifiee
1987,F,40,0.001230,certifiee
1987,F,41,0.001450,certifiee
1987,F,42,0.001550,certifiee
1987,F,43,0.001620,certifiee
1987,F,44,0.001820,certifiee
1987,F,45,0.001850,certifiee
1987,F,46,0.002050,certifiee
1987,F,47,0.002260,certifiee
1987,F,48,0.002500,certifiee
1987,F,49,0.002540,certifiee
1987,F,5,0.000260,certifiee
1987,F,50,0.003000,certifiee
1987,F,51,0.003090,certifiee
1987,F,52,0.003380,certifiee
1987,F,53,0.003570,certifiee
1987,F,54,0.004020,certifiee
1987,F,55,0.004320,certifiee
1987,F,56,0.004360,certifiee
1987,F,57,0.004830,certifiee
1987,F,58,0.005070,certifiee
1987,F,59,0.005650,certifiee
1987,F,6,0.000220,certifiee
1987,F,60,0.005950,certifiee
1987,F,61,0.006270,certifiee
1987,F,62,0.007020,certifiee
1987,F,63,0.007630,certifiee
1987,F,64,0.008080,certifiee
1987,F,65,0.009210,certifiee
1987,F,66,0.009970,certifiee
1987,F,67,0.011570,certifiee
1987,F,68,0.011690,certifiee
1987,F,69,0.013460,certifiee
1987,F,7,0.000200,certifiee
1987,F,70,0.014290,certifiee
1987,F,71,0.015280,certifiee
1987,F,72,0.019830,certifiee
1987,F,73,0.020790,certifiee
1987,F,74,0.023650,certifiee
1987,F,75,0.026610,certifiee
1987,F,76,0.030210,certifiee
1987,F,77,0.035560,certifiee
1987,F,78,0.039660,certifiee
1987,F,79,0.045410,certifiee
1987,F,8,0.000160,certifiee
1987,F,80,0.053100,certifiee
1987,F,81,0.059570,certifiee
1987,F,82,0.066880,certifiee
1987,F,83,0.075740,certifiee
1987,F,84,0.085460,certifiee
1987,F,9,0.000160,certifiee
1987,H,0,0.009130,certifiee
1987,H,1,0.000710,certifiee
1987,H,10,0.000240,certifiee
1987,H,11,0.000220,certifiee
1987,H,12,0.000280,certifiee
1987,H,13,0.000280,certifiee
1987,H,14,0.000360,certifiee
1987,H,15,0.000450,certifiee
1987,H,16,0.000630,certifiee
1987,H,17,0.000830,certifiee
1987,H,18,0.001110,certifiee
1987,H,19,0.001320,certifiee
1987,H,2,0.000460,certifiee
1987,H,20,0.001470,certifiee
1987,H,21,0.001410,certifiee
1987,H,22,0.001470,certifiee
1987,H,23,0.001600,certifiee
1987,H,24,0.001410,certifiee
1987,H,25,0.001480,certifiee
1987,H,26,0.001490,certifiee
1987,H,27,0.001500,certifiee
1987,H,28,0.001580,certifiee
1987,H,29,0.001560,certifiee
1987,H,3,0.000370,certifiee
1987,H,30,0.001580,certifiee
1987,H,31,0.001780,certifiee
1987,H,32,0.001700,certifiee
1987,H,33,0.001680,certifiee
1987,H,34,0.001880,certifiee
1987,H,35,0.002030,certifiee
1987,H,36,0.002180,certifiee
1987,H,37,0.002170,certifiee
1987,H,38,0.002430,certifiee
1987,H,39,0.002560,certifiee
1987,H,4,0.000310,certifiee
1987,H,40,0.002800,certifiee
1987,H,41,0.003110,certifiee
1987,H,42,0.003600,certifiee
1987,H,43,0.003740,certifiee
1987,H,44,0.004110,certifiee
1987,H,45,0.004380,certifiee
1987,H,46,0.004470,certifiee
1987,H,47,0.005300,certifiee
1987,H,48,0.005860,certifiee
1987,H,49,0.006600,certifiee
1987,H,5,0.000310,certifiee
1987,H,50,0.007040,certifiee
1987,H,51,0.007890,certifiee
1987,H,52,0.008470,certifiee
1987,H,53,0.009410,certifiee
1987,H,54,0.010350,certifiee
1987,H,55,0.011150,certifiee
1987,H,56,0.012060,certifiee
1987,H,57,0.012610,certifiee
1987,H,58,0.014190,certifiee
1987,H,59,0.015200,certifiee
1987,H,6,0.000260,certifiee
1987,H,60,0.016340,certifiee
1987,H,61,0.017300,certifiee
1987,H,62,0.018860,certifiee
1987,H,63,0.020040,certifiee
1987,H,64,0.021620,certifiee
1987,H,65,0.023360,certifiee
1987,H,66,0.024710,certifiee
1987,H,67,0.028500,certifiee
1987,H,68,0.027500,certifiee
1987,H,69,0.031020,certifiee
1987,H,7,0.000270,certifiee
1987,H,70,0.034650,certifiee
1987,H,71,0.034460,certifiee
1987,H,72,0.044190,certifiee
1987,H,73,0.044360,certifiee
1987,H,74,0.048740,certifiee
1987,H,75,0.052940,certifiee
1987,H,76,0.059060,certifiee
1987,H,77,0.064820,certifiee
1987,H,78,0.072010,certifiee
1987,H,79,0.078670,certifiee
1987,H,8,0.000250,certifiee
1987,H,80,0.088470,certifiee
1987,H,81,0.097430,certifiee
1987,H,82,0.105000,certifiee
1987,H,83,0.115900,certifiee
1987,H,84,0.127350,certifiee
1987,H,9,0.000220,certifiee
1988,F,0,0.006780,certifiee
1988,F,1,0.000630,certifiee
1988,F,10,0.000170,certifiee
1988,F,11,0.000160,certifiee
1988,F,12,0.000160,certifiee
1988,F,13,0.000190,certifiee
1988,F,14,0.000180,certifiee
1988,F,15,0.000270,certifiee
1988,F,16,0.000310,certifiee
1988,F,17,0.000370,certifiee
1988,F,18,0.000410,certifiee
1988,F,19,0.000470,certifiee
1988,F,2,0.000320,certifiee
1988,F,20,0.000440,certifiee
1988,F,21,0.000470,certifiee
1988,F,22,0.000480,certifiee
1988,F,23,0.000440,certifiee
1988,F,24,0.000520,certifiee
1988,F,25,0.000490,certifiee
1988,F,26,0.000580,certifiee
1988,F,27,0.000540,certifiee
1988,F,28,0.000570,certifiee
1988,F,29,0.000570,certifiee
1988,F,3,0.000280,certifiee
1988,F,30,0.000620,certifiee
1988,F,31,0.000640,certifiee
1988,F,32,0.000660,certifiee
1988,F,33,0.000720,certifiee
1988,F,34,0.000790,certifiee
1988,F,35,0.000880,certifiee
1988,F,36,0.001000,certifiee
1988,F,37,0.001050,certifiee
1988,F,38,0.001020,certifiee
1988,F,39,0.001100,certifiee
1988,F,4,0.000240,certifiee
1988,F,40,0.001210,certifiee
1988,F,41,0.001400,certifiee
1988,F,42,0.001610,certifiee
1988,F,43,0.001600,certifiee
1988,F,44,0.001920,certifiee
1988,F,45,0.002010,certifiee
1988,F,46,0.002090,certifiee
1988,F,47,0.002190,certifiee
1988,F,48,0.002370,certifiee
1988,F,49,0.002550,certifiee
1988,F,5,0.000190,certifiee
1988,F,50,0.002790,certifiee
1988,F,51,0.003070,certifiee
1988,F,52,0.003320,certifiee
1988,F,53,0.003850,certifiee
1988,F,54,0.003710,certifiee
1988,F,55,0.003870,certifiee
1988,F,56,0.004300,certifiee
1988,F,57,0.004900,certifiee
1988,F,58,0.005140,certifiee
1988,F,59,0.005330,certifiee
1988,F,6,0.000180,certifiee
1988,F,60,0.005870,certifiee
1988,F,61,0.006400,certifiee
1988,F,62,0.006760,certifiee
1988,F,63,0.007340,certifiee
1988,F,64,0.008020,certifiee
1988,F,65,0.008620,certifiee
1988,F,66,0.009850,certifiee
1988,F,67,0.010550,certifiee
1988,F,68,0.012780,certifiee
1988,F,69,0.011980,certifiee
1988,F,7,0.000160,certifiee
1988,F,70,0.014770,certifiee
1988,F,71,0.016290,certifiee
1988,F,72,0.016950,certifiee
1988,F,73,0.021360,certifiee
1988,F,74,0.022780,certifiee
1988,F,75,0.026280,certifiee
1988,F,76,0.029200,certifiee
1988,F,77,0.033680,certifiee
1988,F,78,0.039080,certifiee
1988,F,79,0.043620,certifiee
1988,F,8,0.000150,certifiee
1988,F,80,0.050960,certifiee
1988,F,81,0.056840,certifiee
1988,F,82,0.065720,certifiee
1988,F,83,0.074540,certifiee
1988,F,84,0.082930,certifiee
1988,F,9,0.000170,certifiee
1988,H,0,0.009070,certifiee
1988,H,1,0.000750,certifiee
1988,H,10,0.000170,certifiee
1988,H,11,0.000230,certifiee
1988,H,12,0.000260,certifiee
1988,H,13,0.000280,certifiee
1988,H,14,0.000310,certifiee
1988,H,15,0.000460,certifiee
1988,H,16,0.000650,certifiee
1988,H,17,0.000860,certifiee
1988,H,18,0.001210,certifiee
1988,H,19,0.001330,certifiee
1988,H,2,0.000470,certifiee
1988,H,20,0.001430,certifiee
1988,H,21,0.001490,certifiee
1988,H,22,0.001590,certifiee
1988,H,23,0.001530,certifiee
1988,H,24,0.001530,certifiee
1988,H,25,0.001530,certifiee
1988,H,26,0.001400,certifiee
1988,H,27,0.001510,certifiee
1988,H,28,0.001520,certifiee
1988,H,29,0.001540,certifiee
1988,H,3,0.000370,certifiee
1988,H,30,0.001610,certifiee
1988,H,31,0.001600,certifiee
1988,H,32,0.001800,certifiee
1988,H,33,0.001890,certifiee
1988,H,34,0.001970,certifiee
1988,H,35,0.002080,certifiee
1988,H,36,0.002180,certifiee
1988,H,37,0.002320,certifiee
1988,H,38,0.002330,certifiee
1988,H,39,0.002690,certifiee
1988,H,4,0.000290,certifiee
1988,H,40,0.002780,certifiee
1988,H,41,0.003020,certifiee
1988,H,42,0.003390,certifiee
1988,H,43,0.003800,certifiee
1988,H,44,0.004140,certifiee
1988,H,45,0.004390,certifiee
1988,H,46,0.004540,certifiee
1988,H,47,0.004810,certifiee
1988,H,48,0.005840,certifiee
1988,H,49,0.006060,certifiee
1988,H,5,0.000300,certifiee
1988,H,50,0.006950,certifiee
1988,H,51,0.007630,certifiee
1988,H,52,0.008110,certifiee
1988,H,53,0.008880,certifiee
1988,H,54,0.009980,certifiee
1988,H,55,0.010960,certifiee
1988,H,56,0.011840,certifiee
1988,H,57,0.013130,certifiee
1988,H,58,0.013640,certifiee
1988,H,59,0.014680,certifiee
1988,H,6,0.000230,certifiee
1988,H,60,0.016390,certifiee
1988,H,61,0.017240,certifiee
1988,H,62,0.017760,certifiee
1988,H,63,0.019700,certifiee
1988,H,64,0.020530,certifiee
1988,H,65,0.022060,certifiee
1988,H,66,0.024260,certifiee
1988,H,67,0.025330,certifiee
1988,H,68,0.030200,certifiee
1988,H,69,0.027270,certifiee
1988,H,7,0.000220,certifiee
1988,H,70,0.033910,certifiee
1988,H,71,0.036580,certifiee
1988,H,72,0.035870,certifiee
1988,H,73,0.045040,certifiee
1988,H,74,0.046790,certifiee
1988,H,75,0.052130,certifiee
1988,H,76,0.056350,certifiee
1988,H,77,0.062750,certifiee
1988,H,78,0.070580,certifiee
1988,H,79,0.075940,certifiee
1988,H,8,0.000240,certifiee
1988,H,80,0.084740,certifiee
1988,H,81,0.094510,certifiee
1988,H,82,0.102950,certifiee
1988,H,83,0.112080,certifiee
1988,H,84,0.123360,certifiee
1988,H,9,0.000220,certifiee
1989,F,0,0.006460,certifiee
1989,F,1,0.000590,certifiee
1989,F,10,0.000190,certifiee
1989,F,11,0.000160,certifiee
1989,F,12,0.000160,certifiee
1989,F,13,0.000220,certifiee
1989,F,14,0.000230,certifiee
1989,F,15,0.000250,certifiee
1989,F,16,0.000240,certifiee
1989,F,17,0.000340,certifiee
1989,F,18,0.000440,certifiee
1989,F,19,0.000470,certifiee
1989,F,2,0.000330,certifiee
1989,F,20,0.000510,certifiee
1989,F,21,0.000460,certifiee
1989,F,22,0.000450,certifiee
1989,F,23,0.000490,certifiee
1989,F,24,0.000520,certifiee
1989,F,25,0.000480,certifiee
1989,F,26,0.000570,certifiee
1989,F,27,0.000480,certifiee
1989,F,28,0.000570,certifiee
1989,F,29,0.000600,certifiee
1989,F,3,0.000290,certifiee
1989,F,30,0.000600,certifiee
1989,F,31,0.000640,certifiee
1989,F,32,0.000640,certifiee
1989,F,33,0.000780,certifiee
1989,F,34,0.000900,certifiee
1989,F,35,0.000820,certifiee
1989,F,36,0.000950,certifiee
1989,F,37,0.001010,certifiee
1989,F,38,0.001010,certifiee
1989,F,39,0.001340,certifiee
1989,F,4,0.000240,certifiee
1989,F,40,0.001260,certifiee
1989,F,41,0.001430,certifiee
1989,F,42,0.001420,certifiee
1989,F,43,0.001640,certifiee
1989,F,44,0.001800,certifiee
1989,F,45,0.001980,certifiee
1989,F,46,0.001920,certifiee
1989,F,47,0.002140,certifiee
1989,F,48,0.002180,certifiee
1989,F,49,0.002740,certifiee
1989,F,5,0.000200,certifiee
1989,F,50,0.002750,certifiee
1989,F,51,0.002970,certifiee
1989,F,52,0.003250,certifiee
1989,F,53,0.003410,certifiee
1989,F,54,0.003720,certifiee
1989,F,55,0.003980,certifiee
1989,F,56,0.004160,certifiee
1989,F,57,0.004740,certifiee
1989,F,58,0.005020,certifiee
1989,F,59,0.005340,certifiee
1989,F,6,0.000190,certifiee
1989,F,60,0.005610,certifiee
1989,F,61,0.006260,certifiee
1989,F,62,0.006670,certifiee
1989,F,63,0.007310,certifiee
1989,F,64,0.008180,certifiee
1989,F,65,0.008910,certifiee
1989,F,66,0.009250,certifiee
1989,F,67,0.010300,certifiee
1989,F,68,0.011090,certifiee
1989,F,69,0.013440,certifiee
1989,F,7,0.000170,certifiee
1989,F,70,0.013060,certifiee
1989,F,71,0.016060,certifiee
1989,F,72,0.017330,certifiee
1989,F,73,0.017550,certifiee
1989,F,74,0.023600,certifiee
1989,F,75,0.025710,certifiee
1989,F,76,0.028700,certifiee
1989,F,77,0.032270,certifiee
1989,F,78,0.036630,certifiee
1989,F,79,0.042740,certifiee
1989,F,8,0.000160,certifiee
1989,F,80,0.049300,certifiee
1989,F,81,0.055790,certifiee
1989,F,82,0.064680,certifiee
1989,F,83,0.072760,certifiee
1989,F,84,0.083710,certifiee
1989,F,9,0.000170,certifiee
1989,H,0,0.008700,certifiee
1989,H,1,0.000700,certifiee
1989,H,10,0.000210,certifiee
1989,H,11,0.000220,certifiee
1989,H,12,0.000220,certifiee
1989,H,13,0.000270,certifiee
1989,H,14,0.000380,certifiee
1989,H,15,0.000460,certifiee
1989,H,16,0.000620,certifiee
1989,H,17,0.000880,certifiee
1989,H,18,0.001140,certifiee
1989,H,19,0.001330,certifiee
1989,H,2,0.000420,certifiee
1989,H,20,0.001400,certifiee
1989,H,21,0.001590,certifiee
1989,H,22,0.001610,certifiee
1989,H,23,0.001590,certifiee
1989,H,24,0.001550,certifiee
1989,H,25,0.001620,certifiee
1989,H,26,0.001610,certifiee
1989,H,27,0.001580,certifiee
1989,H,28,0.001580,certifiee
1989,H,29,0.001620,certifiee
1989,H,3,0.000400,certifiee
1989,H,30,0.001720,certifiee
1989,H,31,0.001650,certifiee
1989,H,32,0.001810,certifiee
1989,H,33,0.001880,certifiee
1989,H,34,0.002130,certifiee
1989,H,35,0.002050,certifiee
1989,H,36,0.002160,certifiee
1989,H,37,0.002430,certifiee
1989,H,38,0.002490,certifiee
1989,H,39,0.002480,certifiee
1989,H,4,0.000270,certifiee
1989,H,40,0.002780,certifiee
1989,H,41,0.003190,certifiee
1989,H,42,0.003330,certifiee
1989,H,43,0.003830,certifiee
1989,H,44,0.004120,certifiee
1989,H,45,0.004230,certifiee
1989,H,46,0.004580,certifiee
1989,H,47,0.004940,certifiee
1989,H,48,0.005420,certifiee
1989,H,49,0.006410,certifiee
1989,H,5,0.000240,certifiee
1989,H,50,0.006700,certifiee
1989,H,51,0.007620,certifiee
1989,H,52,0.007930,certifiee
1989,H,53,0.008950,certifiee
1989,H,54,0.009850,certifiee
1989,H,55,0.010540,certifiee
1989,H,56,0.011150,certifiee
1989,H,57,0.012320,certifiee
1989,H,58,0.013750,certifiee
1989,H,59,0.014580,certifiee
1989,H,6,0.000300,certifiee
1989,H,60,0.015670,certifiee
1989,H,61,0.017210,certifiee
1989,H,62,0.017940,certifiee
1989,H,63,0.019080,certifiee
1989,H,64,0.021440,certifiee
1989,H,65,0.022270,certifiee
1989,H,66,0.023460,certifiee
1989,H,67,0.025620,certifiee
1989,H,68,0.027370,certifiee
1989,H,69,0.032170,certifiee
1989,H,7,0.000220,certifiee
1989,H,70,0.030200,certifiee
1989,H,71,0.035350,certifiee
1989,H,72,0.037880,certifiee
1989,H,73,0.039290,certifiee
1989,H,74,0.048510,certifiee
1989,H,75,0.050120,certifiee
1989,H,76,0.055840,certifiee
1989,H,77,0.061680,certifiee
1989,H,78,0.067770,certifiee
1989,H,79,0.076600,certifiee
1989,H,8,0.000200,certifiee
1989,H,80,0.082000,certifiee
1989,H,81,0.091870,certifiee
1989,H,82,0.102450,certifiee
1989,H,83,0.111100,certifiee
1989,H,84,0.122010,certifiee
1989,H,9,0.000230,certifiee
1990,F,0,0.006290,certifiee
1990,F,1,0.000500,certifiee
1990,F,10,0.000160,certifiee
1990,F,11,0.000150,certifiee
1990,F,12,0.000150,certifiee
1990,F,13,0.000190,certifiee
1990,F,14,0.000160,certifiee
1990,F,15,0.000240,certifiee
1990,F,16,0.000270,certifiee
1990,F,17,0.000380,certifiee
1990,F,18,0.000410,certifiee
1990,F,19,0.000430,certifiee
1990,F,2,0.000320,certifiee
1990,F,20,0.000430,certifiee
1990,F,21,0.000430,certifiee
1990,F,22,0.000420,certifiee
1990,F,23,0.000450,certifiee
1990,F,24,0.000460,certifiee
1990,F,25,0.000510,certifiee
1990,F,26,0.000550,certifiee
1990,F,27,0.000580,certifiee
1990,F,28,0.000530,certifiee
1990,F,29,0.000550,certifiee
1990,F,3,0.000230,certifiee
1990,F,30,0.000630,certifiee
1990,F,31,0.000650,certifiee
1990,F,32,0.000640,certifiee
1990,F,33,0.000730,certifiee
1990,F,34,0.000840,certifiee
1990,F,35,0.000850,certifiee
1990,F,36,0.000960,certifiee
1990,F,37,0.000930,certifiee
1990,F,38,0.001130,certifiee
1990,F,39,0.001090,certifiee
1990,F,4,0.000200,certifiee
1990,F,40,0.001190,certifiee
1990,F,41,0.001270,certifiee
1990,F,42,0.001420,certifiee
1990,F,43,0.001590,certifiee
1990,F,44,0.001700,certifiee
1990,F,45,0.001810,certifiee
1990,F,46,0.002050,certifiee
1990,F,47,0.002110,certifiee
1990,F,48,0.002280,certifiee
1990,F,49,0.002250,certifiee
1990,F,5,0.000170,certifiee
1990,F,50,0.002790,certifiee
1990,F,51,0.002910,certifiee
1990,F,52,0.003200,certifiee
1990,F,53,0.003210,certifiee
1990,F,54,0.003630,certifiee
1990,F,55,0.003900,certifiee
1990,F,56,0.004190,certifiee
1990,F,57,0.004310,certifiee
1990,F,58,0.005110,certifiee
1990,F,59,0.005390,certifiee
1990,F,6,0.000180,certifiee
1990,F,60,0.005580,certifiee
1990,F,61,0.005940,certifiee
1990,F,62,0.006550,certifiee
1990,F,63,0.007060,certifiee
1990,F,64,0.007590,certifiee
1990,F,65,0.007870,certifiee
1990,F,66,0.008880,certifiee
1990,F,67,0.009960,certifiee
1990,F,68,0.011010,certifiee
1990,F,69,0.012180,certifiee
1990,F,7,0.000160,certifiee
1990,F,70,0.014310,certifiee
1990,F,71,0.014320,certifiee
1990,F,72,0.017430,certifiee
1990,F,73,0.019500,certifiee
1990,F,74,0.020060,certifiee
1990,F,75,0.026620,certifiee
1990,F,76,0.027340,certifiee
1990,F,77,0.032270,certifiee
1990,F,78,0.035220,certifiee
1990,F,79,0.042280,certifiee
1990,F,8,0.000150,certifiee
1990,F,80,0.047380,certifiee
1990,F,81,0.054350,certifiee
1990,F,82,0.063330,certifiee
1990,F,83,0.071050,certifiee
1990,F,84,0.080440,certifiee
1990,F,9,0.000160,certifiee
1990,H,0,0.008490,certifiee
1990,H,1,0.000700,certifiee
1990,H,10,0.000220,certifiee
1990,H,11,0.000200,certifiee
1990,H,12,0.000230,certifiee
1990,H,13,0.000180,certifiee
1990,H,14,0.000320,certifiee
1990,H,15,0.000510,certifiee
1990,H,16,0.000580,certifiee
1990,H,17,0.000830,certifiee
1990,H,18,0.001150,certifiee
1990,H,19,0.001320,certifiee
1990,H,2,0.000480,certifiee
1990,H,20,0.001330,certifiee
1990,H,21,0.001580,certifiee
1990,H,22,0.001610,certifiee
1990,H,23,0.001580,certifiee
1990,H,24,0.001570,certifiee
1990,H,25,0.001550,certifiee
1990,H,26,0.001620,certifiee
1990,H,27,0.001640,certifiee
1990,H,28,0.001590,certifiee
1990,H,29,0.001800,certifiee
1990,H,3,0.000340,certifiee
1990,H,30,0.001680,certifiee
1990,H,31,0.001910,certifiee
1990,H,32,0.001770,certifiee
1990,H,33,0.001980,certifiee
1990,H,34,0.002050,certifiee
1990,H,35,0.002120,certifiee
1990,H,36,0.002290,certifiee
1990,H,37,0.002400,certifiee
1990,H,38,0.002730,certifiee
1990,H,39,0.002630,certifiee
1990,H,4,0.000280,certifiee
1990,H,40,0.002960,certifiee
1990,H,41,0.003120,certifiee
1990,H,42,0.003360,certifiee
1990,H,43,0.003680,certifiee
1990,H,44,0.004070,certifiee
1990,H,45,0.004410,certifiee
1990,H,46,0.004790,certifiee
1990,H,47,0.005070,certifiee
1990,H,48,0.005410,certifiee
1990,H,49,0.005400,certifiee
1990,H,5,0.000240,certifiee
1990,H,50,0.006690,certifiee
1990,H,51,0.006850,certifiee
1990,H,52,0.007710,certifiee
1990,H,53,0.008650,certifiee
1990,H,54,0.009120,certifiee
1990,H,55,0.010520,certifiee
1990,H,56,0.010790,certifiee
1990,H,57,0.011600,certifiee
1990,H,58,0.012760,certifiee
1990,H,59,0.014010,certifiee
1990,H,6,0.000230,certifiee
1990,H,60,0.014960,certifiee
1990,H,61,0.016390,certifiee
1990,H,62,0.017820,certifiee
1990,H,63,0.019170,certifiee
1990,H,64,0.020290,certifiee
1990,H,65,0.021680,certifiee
1990,H,66,0.022920,certifiee
1990,H,67,0.024500,certifiee
1990,H,68,0.026890,certifiee
1990,H,69,0.028100,certifiee
1990,H,7,0.000180,certifiee
1990,H,70,0.032780,certifiee
1990,H,71,0.032570,certifiee
1990,H,72,0.038680,certifiee
1990,H,73,0.041100,certifiee
1990,H,74,0.041240,certifiee
1990,H,75,0.052220,certifiee
1990,H,76,0.054030,certifiee
1990,H,77,0.059760,certifiee
1990,H,78,0.066080,certifiee
1990,H,79,0.071130,certifiee
1990,H,8,0.000190,certifiee
1990,H,80,0.080030,certifiee
1990,H,81,0.091000,certifiee
1990,H,82,0.099280,certifiee
1990,H,83,0.110830,certifiee
1990,H,84,0.121570,certifiee
1990,H,9,0.000200,certifiee
1991,F,0,0.006200,certifiee
1991,F,1,0.000590,certifiee
1991,F,10,0.000140,certifiee
1991,F,11,0.000160,certifiee
1991,F,12,0.000150,certifiee
1991,F,13,0.000180,certifiee
1991,F,14,0.000180,certifiee
1991,F,15,0.000250,certifiee
1991,F,16,0.000300,certifiee
1991,F,17,0.000330,certifiee
1991,F,18,0.000420,certifiee
1991,F,19,0.000420,certifiee
1991,F,2,0.000370,certifiee
1991,F,20,0.000440,certifiee
1991,F,21,0.000400,certifiee
1991,F,22,0.000500,certifiee
1991,F,23,0.000480,certifiee
1991,F,24,0.000490,certifiee
1991,F,25,0.000490,certifiee
1991,F,26,0.000620,certifiee
1991,F,27,0.000580,certifiee
1991,F,28,0.000540,certifiee
1991,F,29,0.000670,certifiee
1991,F,3,0.000230,certifiee
1991,F,30,0.000590,certifiee
1991,F,31,0.000640,certifiee
1991,F,32,0.000710,certifiee
1991,F,33,0.000750,certifiee
1991,F,34,0.000870,certifiee
1991,F,35,0.000870,certifiee
1991,F,36,0.000870,certifiee
1991,F,37,0.000880,certifiee
1991,F,38,0.001040,certifiee
1991,F,39,0.001080,certifiee
1991,F,4,0.000240,certifiee
1991,F,40,0.001240,certifiee
1991,F,41,0.001390,certifiee
1991,F,42,0.001440,certifiee
1991,F,43,0.001520,certifiee
1991,F,44,0.001640,certifiee
1991,F,45,0.001860,certifiee
1991,F,46,0.001970,certifiee
1991,F,47,0.002160,certifiee
1991,F,48,0.002240,certifiee
1991,F,49,0.002530,certifiee
1991,F,5,0.000200,certifiee
1991,F,50,0.002410,certifiee
1991,F,51,0.002790,certifiee
1991,F,52,0.003260,certifiee
1991,F,53,0.003230,certifiee
1991,F,54,0.003510,certifiee
1991,F,55,0.003780,certifiee
1991,F,56,0.003920,certifiee
1991,F,57,0.004290,certifiee
1991,F,58,0.004830,certifiee
1991,F,59,0.005290,certifiee
1991,F,6,0.000170,certifiee
1991,F,60,0.005340,certifiee
1991,F,61,0.005880,certifiee
1991,F,62,0.006560,certifiee
1991,F,63,0.007190,certifiee
1991,F,64,0.007630,certifiee
1991,F,65,0.008240,certifiee
1991,F,66,0.009140,certifiee
1991,F,67,0.009690,certifiee
1991,F,68,0.010920,certifiee
1991,F,69,0.012160,certifiee
1991,F,7,0.000150,certifiee
1991,F,70,0.013520,certifiee
1991,F,71,0.015730,certifiee
1991,F,72,0.015320,certifiee
1991,F,73,0.018970,certifiee
1991,F,74,0.020850,certifiee
1991,F,75,0.021330,certifiee
1991,F,76,0.028650,certifiee
1991,F,77,0.030320,certifiee
1991,F,78,0.035270,certifiee
1991,F,79,0.039520,certifiee
1991,F,8,0.000180,certifiee
1991,F,80,0.046350,certifiee
1991,F,81,0.052600,certifiee
1991,F,82,0.060020,certifiee
1991,F,83,0.068790,certifiee
1991,F,84,0.078400,certifiee
1991,F,9,0.000150,certifiee
1991,H,0,0.008400,certifiee
1991,H,1,0.000730,certifiee
1991,H,10,0.000210,certifiee
1991,H,11,0.000230,certifiee
1991,H,12,0.000240,certifiee
1991,H,13,0.000280,certifiee
1991,H,14,0.000300,certifiee
1991,H,15,0.000430,certifiee
1991,H,16,0.000610,certifiee
1991,H,17,0.000770,certifiee
1991,H,18,0.001100,certifiee
1991,H,19,0.001280,certifiee
1991,H,2,0.000380,certifiee
1991,H,20,0.001480,certifiee
1991,H,21,0.001470,certifiee
1991,H,22,0.001530,certifiee
1991,H,23,0.001580,certifiee
1991,H,24,0.001610,certifiee
1991,H,25,0.001620,certifiee
1991,H,26,0.001710,certifiee
1991,H,27,0.001670,certifiee
1991,H,28,0.001770,certifiee
1991,H,29,0.001770,certifiee
1991,H,3,0.000310,certifiee
1991,H,30,0.001890,certifiee
1991,H,31,0.001960,certifiee
1991,H,32,0.002010,certifiee
1991,H,33,0.002000,certifiee
1991,H,34,0.002010,certifiee
1991,H,35,0.002230,certifiee
1991,H,36,0.002300,certifiee
1991,H,37,0.002490,certifiee
1991,H,38,0.002590,certifiee
1991,H,39,0.002790,certifiee
1991,H,4,0.000280,certifiee
1991,H,40,0.003110,certifiee
1991,H,41,0.003350,certifiee
1991,H,42,0.003450,certifiee
1991,H,43,0.003640,certifiee
1991,H,44,0.004110,certifiee
1991,H,45,0.004300,certifiee
1991,H,46,0.004610,certifiee
1991,H,47,0.005050,certifiee
1991,H,48,0.005530,certifiee
1991,H,49,0.005920,certifiee
1991,H,5,0.000230,certifiee
1991,H,50,0.005710,certifiee
1991,H,51,0.007060,certifiee
1991,H,52,0.007530,certifiee
1991,H,53,0.007950,certifiee
1991,H,54,0.009140,certifiee
1991,H,55,0.009610,certifiee
1991,H,56,0.010490,certifiee
1991,H,57,0.011170,certifiee
1991,H,58,0.012680,certifiee
1991,H,59,0.013630,certifiee
1991,H,6,0.000280,certifiee
1991,H,60,0.015490,certifiee
1991,H,61,0.016210,certifiee
1991,H,62,0.017530,certifiee
1991,H,63,0.018570,certifiee
1991,H,64,0.020070,certifiee
1991,H,65,0.020750,certifiee
1991,H,66,0.022870,certifiee
1991,H,67,0.024890,certifiee
1991,H,68,0.026460,certifiee
1991,H,69,0.028810,certifiee
1991,H,7,0.000200,certifiee
1991,H,70,0.030730,certifiee
1991,H,71,0.035980,certifiee
1991,H,72,0.034280,certifiee
1991,H,73,0.040090,certifiee
1991,H,74,0.044150,certifiee
1991,H,75,0.043790,certifiee
1991,H,76,0.055400,certifiee
1991,H,77,0.057650,certifiee
1991,H,78,0.065520,certifiee
1991,H,79,0.070900,certifiee
1991,H,8,0.000200,certifiee
1991,H,80,0.078750,certifiee
1991,H,81,0.087870,certifiee
1991,H,82,0.096030,certifiee
1991,H,83,0.108190,certifiee
1991,H,84,0.117810,certifiee
1991,H,9,0.000190,certifiee
1992,F,0,0.005710,certifiee
1992,F,1,0.000460,certifiee
1992,F,10,0.000120,certifiee
1992,F,11,0.000140,certifiee
1992,F,12,0.000140,certifiee
1992,F,13,0.000160,certifiee
1992,F,14,0.000190,certifiee
1992,F,15,0.000230,certifiee
1992,F,16,0.000280,certifiee
1992,F,17,0.000340,certifiee
1992,F,18,0.000410,certifiee
1992,F,19,0.000380,certifiee
1992,F,2,0.000290,certifiee
1992,F,20,0.000380,certifiee
1992,F,21,0.000370,certifiee
1992,F,22,0.000500,certifiee
1992,F,23,0.000470,certifiee
1992,F,24,0.000480,certifiee
1992,F,25,0.000530,certifiee
1992,F,26,0.000530,certifiee
1992,F,27,0.000540,certifiee
1992,F,28,0.000650,certifiee
1992,F,29,0.000620,certifiee
1992,F,3,0.000180,certifiee
1992,F,30,0.000700,certifiee
1992,F,31,0.000690,certifiee
1992,F,32,0.000750,certifiee
1992,F,33,0.000840,certifiee
1992,F,34,0.000770,certifiee
1992,F,35,0.000990,certifiee
1992,F,36,0.000920,certifiee
1992,F,37,0.001040,certifiee
1992,F,38,0.001010,certifiee
1992,F,39,0.001220,certifiee
1992,F,4,0.000190,certifiee
1992,F,40,0.001220,certifiee
1992,F,41,0.001270,certifiee
1992,F,42,0.001340,certifiee
1992,F,43,0.001540,certifiee
1992,F,44,0.001570,certifiee
1992,F,45,0.001840,certifiee
1992,F,46,0.001910,certifiee
1992,F,47,0.002110,certifiee
1992,F,48,0.002370,certifiee
1992,F,49,0.002440,certifiee
1992,F,5,0.000190,certifiee
1992,F,50,0.002490,certifiee
1992,F,51,0.002490,certifiee
1992,F,52,0.003040,certifiee
1992,F,53,0.003260,certifiee
1992,F,54,0.003700,certifiee
1992,F,55,0.003740,certifiee
1992,F,56,0.004000,certifiee
1992,F,57,0.004310,certifiee
1992,F,58,0.004660,certifiee
1992,F,59,0.004930,certifiee
1992,F,6,0.000180,certifiee
1992,F,60,0.005310,certifiee
1992,F,61,0.005900,certifiee
1992,F,62,0.006200,certifiee
1992,F,63,0.006800,certifiee
1992,F,64,0.007460,certifiee
1992,F,65,0.008130,certifiee
1992,F,66,0.009130,certifiee
1992,F,67,0.009710,certifiee
1992,F,68,0.010620,certifiee
1992,F,69,0.011330,certifiee
1992,F,7,0.000160,certifiee
1992,F,70,0.013060,certifiee
1992,F,71,0.014390,certifiee
1992,F,72,0.017380,certifiee
1992,F,73,0.017080,certifiee
1992,F,74,0.021000,certifiee
1992,F,75,0.023190,certifiee
1992,F,76,0.024440,certifiee
1992,F,77,0.031350,certifiee
1992,F,78,0.033070,certifiee
1992,F,79,0.038290,certifiee
1992,F,8,0.000130,certifiee
1992,F,80,0.043530,certifiee
1992,F,81,0.050290,certifiee
1992,F,82,0.057730,certifiee
1992,F,83,0.066140,certifiee
1992,F,84,0.076330,certifiee
1992,F,9,0.000160,certifiee
1992,H,0,0.007910,certifiee
1992,H,1,0.000610,certifiee
1992,H,10,0.000170,certifiee
1992,H,11,0.000230,certifiee
1992,H,12,0.000180,certifiee
1992,H,13,0.000250,certifiee
1992,H,14,0.000320,certifiee
1992,H,15,0.000390,certifiee
1992,H,16,0.000520,certifiee
1992,H,17,0.000770,certifiee
1992,H,18,0.001140,certifiee
1992,H,19,0.001240,certifiee
1992,H,2,0.000390,certifiee
1992,H,20,0.001270,certifiee
1992,H,21,0.001510,certifiee
1992,H,22,0.001450,certifiee
1992,H,23,0.001520,certifiee
1992,H,24,0.001500,certifiee
1992,H,25,0.001560,certifiee
1992,H,26,0.001580,certifiee
1992,H,27,0.001640,certifiee
1992,H,28,0.001800,certifiee
1992,H,29,0.001730,certifiee
1992,H,3,0.000330,certifiee
1992,H,30,0.001880,certifiee
1992,H,31,0.002030,certifiee
1992,H,32,0.001930,certifiee
1992,H,33,0.002040,certifiee
1992,H,34,0.002180,certifiee
1992,H,35,0.002360,certifiee
1992,H,36,0.002390,certifiee
1992,H,37,0.002400,certifiee
1992,H,38,0.002560,certifiee
1992,H,39,0.002840,certifiee
1992,H,4,0.000270,certifiee
1992,H,40,0.003010,certifiee
1992,H,41,0.003170,certifiee
1992,H,42,0.003350,certifiee
1992,H,43,0.003830,certifiee
1992,H,44,0.004200,certifiee
1992,H,45,0.004290,certifiee
1992,H,46,0.004620,certifiee
1992,H,47,0.005080,certifiee
1992,H,48,0.005460,certifiee
1992,H,49,0.005870,certifiee
1992,H,5,0.000250,certifiee
1992,H,50,0.006510,certifiee
1992,H,51,0.006340,certifiee
1992,H,52,0.007370,certifiee
1992,H,53,0.007990,certifiee
1992,H,54,0.008650,certifiee
1992,H,55,0.009480,certifiee
1992,H,56,0.010110,certifiee
1992,H,57,0.011160,certifiee
1992,H,58,0.012200,certifiee
1992,H,59,0.013170,certifiee
1992,H,6,0.000180,certifiee
1992,H,60,0.014580,certifiee
1992,H,61,0.016140,certifiee
1992,H,62,0.016800,certifiee
1992,H,63,0.018180,certifiee
1992,H,64,0.019840,certifiee
1992,H,65,0.021160,certifiee
1992,H,66,0.022440,certifiee
1992,H,67,0.024390,certifiee
1992,H,68,0.026850,certifiee
1992,H,69,0.027400,certifiee
1992,H,7,0.000180,certifiee
1992,H,70,0.031360,certifiee
1992,H,71,0.032350,certifiee
1992,H,72,0.038500,certifiee
1992,H,73,0.037050,certifiee
1992,H,74,0.044340,certifiee
1992,H,75,0.046750,certifiee
1992,H,76,0.047170,certifiee
1992,H,77,0.060920,certifiee
1992,H,78,0.062310,certifiee
1992,H,79,0.069160,certifiee
1992,H,8,0.000210,certifiee
1992,H,80,0.076060,certifiee
1992,H,81,0.083740,certifiee
1992,H,82,0.094820,certifiee
1992,H,83,0.104310,certifiee
1992,H,84,0.115590,certifiee
1992,H,9,0.000150,certifiee
1993,F,0,0.005350,certifiee
1993,F,1,0.000440,certifiee
1993,F,10,0.000150,certifiee
1993,F,11,0.000140,certifiee
1993,F,12,0.000150,certifiee
1993,F,13,0.000140,certifiee
1993,F,14,0.000170,certifiee
1993,F,15,0.000220,certifiee
1993,F,16,0.000340,certifiee
1993,F,17,0.000350,certifiee
1993,F,18,0.000450,certifiee
1993,F,19,0.000450,certifiee
1993,F,2,0.000310,certifiee
1993,F,20,0.000370,certifiee
1993,F,21,0.000530,certifiee
1993,F,22,0.000460,certifiee
1993,F,23,0.000370,certifiee
1993,F,24,0.000480,certifiee
1993,F,25,0.000460,certifiee
1993,F,26,0.000540,certifiee
1993,F,27,0.000550,certifiee
1993,F,28,0.000660,certifiee
1993,F,29,0.000650,certifiee
1993,F,3,0.000190,certifiee
1993,F,30,0.000640,certifiee
1993,F,31,0.000740,certifiee
1993,F,32,0.000770,certifiee
1993,F,33,0.000810,certifiee
1993,F,34,0.000720,certifiee
1993,F,35,0.000860,certifiee
1993,F,36,0.000900,certifiee
1993,F,37,0.000920,certifiee
1993,F,38,0.001030,certifiee
1993,F,39,0.001200,certifiee
1993,F,4,0.000210,certifiee
1993,F,40,0.001250,certifiee
1993,F,41,0.001380,certifiee
1993,F,42,0.001420,certifiee
1993,F,43,0.001590,certifiee
1993,F,44,0.001750,certifiee
1993,F,45,0.001790,certifiee
1993,F,46,0.001980,certifiee
1993,F,47,0.002120,certifiee
1993,F,48,0.002220,certifiee
1993,F,49,0.002600,certifiee
1993,F,5,0.000170,certifiee
1993,F,50,0.002600,certifiee
1993,F,51,0.002880,certifiee
1993,F,52,0.002810,certifiee
1993,F,53,0.003230,certifiee
1993,F,54,0.003400,certifiee
1993,F,55,0.003910,certifiee
1993,F,56,0.004120,certifiee
1993,F,57,0.004410,certifiee
1993,F,58,0.004630,certifiee
1993,F,59,0.004880,certifiee
1993,F,6,0.000140,certifiee
1993,F,60,0.005470,certifiee
1993,F,61,0.005790,certifiee
1993,F,62,0.006440,certifiee
1993,F,63,0.006950,certifiee
1993,F,64,0.007390,certifiee
1993,F,65,0.008140,certifiee
1993,F,66,0.008800,certifiee
1993,F,67,0.009780,certifiee
1993,F,68,0.010810,certifiee
1993,F,69,0.011760,certifiee
1993,F,7,0.000140,certifiee
1993,F,70,0.012720,certifiee
1993,F,71,0.014290,certifiee
1993,F,72,0.015960,certifiee
1993,F,73,0.018540,certifiee
1993,F,74,0.018960,certifiee
1993,F,75,0.023470,certifiee
1993,F,76,0.025480,certifiee
1993,F,77,0.026810,certifiee
1993,F,78,0.036000,certifiee
1993,F,79,0.038090,certifiee
1993,F,8,0.000190,certifiee
1993,F,80,0.044730,certifiee
1993,F,81,0.049520,certifiee
1993,F,82,0.056930,certifiee
1993,F,83,0.066090,certifiee
1993,F,84,0.076190,certifiee
1993,F,9,0.000130,certifiee
1993,H,0,0.007420,certifiee
1993,H,1,0.000670,certifiee
1993,H,10,0.000190,certifiee
1993,H,11,0.000210,certifiee
1993,H,12,0.000190,certifiee
1993,H,13,0.000230,certifiee
1993,H,14,0.000310,certifiee
1993,H,15,0.000460,certifiee
1993,H,16,0.000590,certifiee
1993,H,17,0.000750,certifiee
1993,H,18,0.000980,certifiee
1993,H,19,0.001200,certifiee
1993,H,2,0.000300,certifiee
1993,H,20,0.001430,certifiee
1993,H,21,0.001420,certifiee
1993,H,22,0.001510,certifiee
1993,H,23,0.001410,certifiee
1993,H,24,0.001420,certifiee
1993,H,25,0.001480,certifiee
1993,H,26,0.001500,certifiee
1993,H,27,0.001570,certifiee
1993,H,28,0.001680,certifiee
1993,H,29,0.001910,certifiee
1993,H,3,0.000340,certifiee
1993,H,30,0.001920,certifiee
1993,H,31,0.001910,certifiee
1993,H,32,0.001970,certifiee
1993,H,33,0.002050,certifiee
1993,H,34,0.002250,certifiee
1993,H,35,0.002330,certifiee
1993,H,36,0.002550,certifiee
1993,H,37,0.002440,certifiee
1993,H,38,0.002770,certifiee
1993,H,39,0.002710,certifiee
1993,H,4,0.000240,certifiee
1993,H,40,0.003030,certifiee
1993,H,41,0.003250,certifiee
1993,H,42,0.003470,certifiee
1993,H,43,0.003980,certifiee
1993,H,44,0.003850,certifiee
1993,H,45,0.004090,certifiee
1993,H,46,0.004570,certifiee
1993,H,47,0.005120,certifiee
1993,H,48,0.005680,certifiee
1993,H,49,0.005850,certifiee
1993,H,5,0.000230,certifiee
1993,H,50,0.005900,certifiee
1993,H,51,0.006870,certifiee
1993,H,52,0.006700,certifiee
1993,H,53,0.007910,certifiee
1993,H,54,0.008590,certifiee
1993,H,55,0.009350,certifiee
1993,H,56,0.010090,certifiee
1993,H,57,0.010880,certifiee
1993,H,58,0.012000,certifiee
1993,H,59,0.013150,certifiee
1993,H,6,0.000170,certifiee
1993,H,60,0.014590,certifiee
1993,H,61,0.015630,certifiee
1993,H,62,0.016670,certifiee
1993,H,63,0.017930,certifiee
1993,H,64,0.019860,certifiee
1993,H,65,0.020770,certifiee
1993,H,66,0.022360,certifiee
1993,H,67,0.023710,certifiee
1993,H,68,0.026330,certifiee
1993,H,69,0.027910,certifiee
1993,H,7,0.000190,certifiee
1993,H,70,0.030980,certifiee
1993,H,71,0.032520,certifiee
1993,H,72,0.035320,certifiee
1993,H,73,0.040940,certifiee
1993,H,74,0.040560,certifiee
1993,H,75,0.046580,certifiee
1993,H,76,0.050440,certifiee
1993,H,77,0.052130,certifiee
1993,H,78,0.065770,certifiee
1993,H,79,0.068440,certifiee
1993,H,8,0.000200,certifiee
1993,H,80,0.076970,certifiee
1993,H,81,0.086380,certifiee
1993,H,82,0.094690,certifiee
1993,H,83,0.105630,certifiee
1993,H,84,0.116200,certifiee
1993,H,9,0.000190,certifiee
1994,F,0,0.005100,certifiee
1994,F,1,0.000470,certifiee
1994,F,10,0.000150,certifiee
1994,F,11,0.000110,certifiee
1994,F,12,0.000160,certifiee
1994,F,13,0.000180,certifiee
1994,F,14,0.000180,certifiee
1994,F,15,0.000210,certifiee
1994,F,16,0.000240,certifiee
1994,F,17,0.000310,certifiee
1994,F,18,0.000360,certifiee
1994,F,19,0.000370,certifiee
1994,F,2,0.000240,certifiee
1994,F,20,0.000400,certifiee
1994,F,21,0.000450,certifiee
1994,F,22,0.000380,certifiee
1994,F,23,0.000410,certifiee
1994,F,24,0.000470,certifiee
1994,F,25,0.000500,certifiee
1994,F,26,0.000510,certifiee
1994,F,27,0.000600,certifiee
1994,F,28,0.000540,certifiee
1994,F,29,0.000540,certifiee
1994,F,3,0.000150,certifiee
1994,F,30,0.000660,certifiee
1994,F,31,0.000740,certifiee
1994,F,32,0.000680,certifiee
1994,F,33,0.000820,certifiee
1994,F,34,0.000790,certifiee
1994,F,35,0.000860,certifiee
1994,F,36,0.000900,certifiee
1994,F,37,0.001070,certifiee
1994,F,38,0.001180,certifiee
1994,F,39,0.001100,certifiee
1994,F,4,0.000160,certifiee
1994,F,40,0.001250,certifiee
1994,F,41,0.001250,certifiee
1994,F,42,0.001360,certifiee
1994,F,43,0.001540,certifiee
1994,F,44,0.001680,certifiee
1994,F,45,0.001670,certifiee
1994,F,46,0.001900,certifiee
1994,F,47,0.002170,certifiee
1994,F,48,0.002360,certifiee
1994,F,49,0.002540,certifiee
1994,F,5,0.000160,certifiee
1994,F,50,0.002660,certifiee
1994,F,51,0.002760,certifiee
1994,F,52,0.003060,certifiee
1994,F,53,0.002920,certifiee
1994,F,54,0.003570,certifiee
1994,F,55,0.003730,certifiee
1994,F,56,0.004050,certifiee
1994,F,57,0.004110,certifiee
1994,F,58,0.004300,certifiee
1994,F,59,0.004810,certifiee
1994,F,6,0.000160,certifiee
1994,F,60,0.005270,certifiee
1994,F,61,0.005610,certifiee
1994,F,62,0.006170,certifiee
1994,F,63,0.006570,certifiee
1994,F,64,0.007050,certifiee
1994,F,65,0.007870,certifiee
1994,F,66,0.008840,certifiee
1994,F,67,0.009470,certifiee
1994,F,68,0.010410,certifiee
1994,F,69,0.011600,certifiee
1994,F,7,0.000120,certifiee
1994,F,70,0.012460,certifiee
1994,F,71,0.013660,certifiee
1994,F,72,0.015730,certifiee
1994,F,73,0.017420,certifiee
1994,F,74,0.020840,certifiee
1994,F,75,0.020730,certifiee
1994,F,76,0.024780,certifiee
1994,F,77,0.027800,certifiee
1994,F,78,0.029430,certifiee
1994,F,79,0.038720,certifiee
1994,F,8,0.000150,certifiee
1994,F,80,0.042730,certifiee
1994,F,81,0.047530,certifiee
1994,F,82,0.054060,certifiee
1994,F,83,0.060960,certifiee
1994,F,84,0.070700,certifiee
1994,F,9,0.000120,certifiee
1994,H,0,0.006810,certifiee
1994,H,1,0.000500,certifiee
1994,H,10,0.000190,certifiee
1994,H,11,0.000180,certifiee
1994,H,12,0.000250,certifiee
1994,H,13,0.000260,certifiee
1994,H,14,0.000350,certifiee
1994,H,15,0.000430,certifiee
1994,H,16,0.000540,certifiee
1994,H,17,0.000710,certifiee
1994,H,18,0.000980,certifiee
1994,H,19,0.001150,certifiee
1994,H,2,0.000310,certifiee
1994,H,20,0.001230,certifiee
1994,H,21,0.001450,certifiee
1994,H,22,0.001410,certifiee
1994,H,23,0.001430,certifiee
1994,H,24,0.001430,certifiee
1994,H,25,0.001480,certifiee
1994,H,26,0.001480,certifiee
1994,H,27,0.001530,certifiee
1994,H,28,0.001700,certifiee
1994,H,29,0.001860,certifiee
1994,H,3,0.000300,certifiee
1994,H,30,0.001950,certifiee
1994,H,31,0.001860,certifiee
1994,H,32,0.001940,certifiee
1994,H,33,0.002000,certifiee
1994,H,34,0.002140,certifiee
1994,H,35,0.002370,certifiee
1994,H,36,0.002340,certifiee
1994,H,37,0.002590,certifiee
1994,H,38,0.002590,certifiee
1994,H,39,0.002730,certifiee
1994,H,4,0.000210,certifiee
1994,H,40,0.003070,certifiee
1994,H,41,0.003250,certifiee
1994,H,42,0.003350,certifiee
1994,H,43,0.003620,certifiee
1994,H,44,0.004020,certifiee
1994,H,45,0.004380,certifiee
1994,H,46,0.004540,certifiee
1994,H,47,0.005000,certifiee
1994,H,48,0.005670,certifiee
1994,H,49,0.005850,certifiee
1994,H,5,0.000220,certifiee
1994,H,50,0.006530,certifiee
1994,H,51,0.006620,certifiee
1994,H,52,0.007300,certifiee
1994,H,53,0.007230,certifiee
1994,H,54,0.008510,certifiee
1994,H,55,0.009030,certifiee
1994,H,56,0.009950,certifiee
1994,H,57,0.010300,certifiee
1994,H,58,0.011620,certifiee
1994,H,59,0.012440,certifiee
1994,H,6,0.000180,certifiee
1994,H,60,0.013430,certifiee
1994,H,61,0.014750,certifiee
1994,H,62,0.015970,certifiee
1994,H,63,0.018130,certifiee
1994,H,64,0.018900,certifiee
1994,H,65,0.020060,certifiee
1994,H,66,0.021930,certifiee
1994,H,67,0.023600,certifiee
1994,H,68,0.025310,certifiee
1994,H,69,0.027660,certifiee
1994,H,7,0.000210,certifiee
1994,H,70,0.029010,certifiee
1994,H,71,0.031580,certifiee
1994,H,72,0.034480,certifiee
1994,H,73,0.037810,certifiee
1994,H,74,0.043330,certifiee
1994,H,75,0.042220,certifiee
1994,H,76,0.050650,certifiee
1994,H,77,0.052270,certifiee
1994,H,78,0.056310,certifiee
1994,H,79,0.070160,certifiee
1994,H,8,0.000180,certifiee
1994,H,80,0.072590,certifiee
1994,H,81,0.081710,certifiee
1994,H,82,0.090100,certifiee
1994,H,83,0.100710,certifiee
1994,H,84,0.110710,certifiee
1994,H,9,0.000130,certifiee
1995,F,0,0.004450,certifiee
1995,F,1,0.000500,certifiee
1995,F,10,0.000090,certifiee
1995,F,11,0.000180,certifiee
1995,F,12,0.000180,certifiee
1995,F,13,0.000140,certifiee
1995,F,14,0.000190,certifiee
1995,F,15,0.000220,certifiee
1995,F,16,0.000260,certifiee
1995,F,17,0.000330,certifiee
1995,F,18,0.000370,certifiee
1995,F,19,0.000420,certifiee
1995,F,2,0.000230,certifiee
1995,F,20,0.000410,certifiee
1995,F,21,0.000410,certifiee
1995,F,22,0.000450,certifiee
1995,F,23,0.000460,certifiee
1995,F,24,0.000450,certifiee
1995,F,25,0.000480,certifiee
1995,F,26,0.000480,certifiee
1995,F,27,0.000560,certifiee
1995,F,28,0.000560,certifiee
1995,F,29,0.000630,certifiee
1995,F,3,0.000210,certifiee
1995,F,30,0.000710,certifiee
1995,F,31,0.000650,certifiee
1995,F,32,0.000770,certifiee
1995,F,33,0.000800,certifiee
1995,F,34,0.000790,certifiee
1995,F,35,0.000900,certifiee
1995,F,36,0.000880,certifiee
1995,F,37,0.000970,certifiee
1995,F,38,0.001070,certifiee
1995,F,39,0.001240,certifiee
1995,F,4,0.000180,certifiee
1995,F,40,0.001330,certifiee
1995,F,41,0.001390,certifiee
1995,F,42,0.001400,certifiee
1995,F,43,0.001620,certifiee
1995,F,44,0.001660,certifiee
1995,F,45,0.001740,certifiee
1995,F,46,0.001910,certifiee
1995,F,47,0.002180,certifiee
1995,F,48,0.002250,certifiee
1995,F,49,0.002470,certifiee
1995,F,5,0.000130,certifiee
1995,F,50,0.002680,certifiee
1995,F,51,0.002730,certifiee
1995,F,52,0.002870,certifiee
1995,F,53,0.003200,certifiee
1995,F,54,0.003050,certifiee
1995,F,55,0.003640,certifiee
1995,F,56,0.003640,certifiee
1995,F,57,0.004140,certifiee
1995,F,58,0.004250,certifiee
1995,F,59,0.004660,certifiee
1995,F,6,0.000150,certifiee
1995,F,60,0.005230,certifiee
1995,F,61,0.005710,certifiee
1995,F,62,0.006230,certifiee
1995,F,63,0.006570,certifiee
1995,F,64,0.006940,certifiee
1995,F,65,0.007810,certifiee
1995,F,66,0.009070,certifiee
1995,F,67,0.009650,certifiee
1995,F,68,0.010370,certifiee
1995,F,69,0.011260,certifiee
1995,F,7,0.000120,certifiee
1995,F,70,0.012280,certifiee
1995,F,71,0.013730,certifiee
1995,F,72,0.015670,certifiee
1995,F,73,0.017470,certifiee
1995,F,74,0.019990,certifiee
1995,F,75,0.023540,certifiee
1995,F,76,0.022890,certifiee
1995,F,77,0.028530,certifiee
1995,F,78,0.032620,certifiee
1995,F,79,0.033490,certifiee
1995,F,8,0.000140,certifiee
1995,F,80,0.044270,certifiee
1995,F,81,0.047380,certifiee
1995,F,82,0.053910,certifiee
1995,F,83,0.063160,certifiee
1995,F,84,0.070510,certifiee
1995,F,9,0.000120,certifiee
1995,H,0,0.005510,certifiee
1995,H,1,0.000530,certifiee
1995,H,10,0.000180,certifiee
1995,H,11,0.000150,certifiee
1995,H,12,0.000200,certifiee
1995,H,13,0.000230,certifiee
1995,H,14,0.000300,certifiee
1995,H,15,0.000530,certifiee
1995,H,16,0.000550,certifiee
1995,H,17,0.000580,certifiee
1995,H,18,0.000930,certifiee
1995,H,19,0.001030,certifiee
1995,H,2,0.000310,certifiee
1995,H,20,0.001160,certifiee
1995,H,21,0.001260,certifiee
1995,H,22,0.001350,certifiee
1995,H,23,0.001270,certifiee
1995,H,24,0.001460,certifiee
1995,H,25,0.001350,certifiee
1995,H,26,0.001450,certifiee
1995,H,27,0.001460,certifiee
1995,H,28,0.001690,certifiee
1995,H,29,0.001760,certifiee
1995,H,3,0.000260,certifiee
1995,H,30,0.001730,certifiee
1995,H,31,0.001840,certifiee
1995,H,32,0.001960,certifiee
1995,H,33,0.002000,certifiee
1995,H,34,0.002230,certifiee
1995,H,35,0.002220,certifiee
1995,H,36,0.002400,certifiee
1995,H,37,0.002390,certifiee
1995,H,38,0.002550,certifiee
1995,H,39,0.002760,certifiee
1995,H,4,0.000220,certifiee
1995,H,40,0.002880,certifiee
1995,H,41,0.003170,certifiee
1995,H,42,0.003360,certifiee
1995,H,43,0.003890,certifiee
1995,H,44,0.004100,certifiee
1995,H,45,0.004140,certifiee
1995,H,46,0.004690,certifiee
1995,H,47,0.004780,certifiee
1995,H,48,0.005370,certifiee
1995,H,49,0.005960,certifiee
1995,H,5,0.000230,certifiee
1995,H,50,0.006440,certifiee
1995,H,51,0.006730,certifiee
1995,H,52,0.007040,certifiee
1995,H,53,0.007540,certifiee
1995,H,54,0.007380,certifiee
1995,H,55,0.008800,certifiee
1995,H,56,0.009450,certifiee
1995,H,57,0.010480,certifiee
1995,H,58,0.011160,certifiee
1995,H,59,0.012210,certifiee
1995,H,6,0.000190,certifiee
1995,H,60,0.013570,certifiee
1995,H,61,0.014600,certifiee
1995,H,62,0.015720,certifiee
1995,H,63,0.017450,certifiee
1995,H,64,0.019320,certifiee
1995,H,65,0.020610,certifiee
1995,H,66,0.021980,certifiee
1995,H,67,0.023680,certifiee
1995,H,68,0.025930,certifiee
1995,H,69,0.027600,certifiee
1995,H,7,0.000210,certifiee
1995,H,70,0.030020,certifiee
1995,H,71,0.031380,certifiee
1995,H,72,0.034340,certifiee
1995,H,73,0.038150,certifiee
1995,H,74,0.041000,certifiee
1995,H,75,0.048760,certifiee
1995,H,76,0.045530,certifiee
1995,H,77,0.055940,certifiee
1995,H,78,0.061470,certifiee
1995,H,79,0.061380,certifiee
1995,H,8,0.000130,certifiee
1995,H,80,0.079190,certifiee
1995,H,81,0.079480,certifiee
1995,H,82,0.090580,certifiee
1995,H,83,0.099620,certifiee
1995,H,84,0.110950,certifiee
1995,H,9,0.000160,certifiee
1996,F,0,0.004200,certifiee
1996,F,1,0.000400,certifiee
1996,F,10,0.000110,certifiee
1996,F,11,0.000120,certifiee
1996,F,12,0.000140,certifiee
1996,F,13,0.000110,certifiee
1996,F,14,0.000160,certifiee
1996,F,15,0.000260,certifiee
1996,F,16,0.000230,certifiee
1996,F,17,0.000270,certifiee
1996,F,18,0.000340,certifiee
1996,F,19,0.000340,certifiee
1996,F,2,0.000220,certifiee
1996,F,20,0.000390,certifiee
1996,F,21,0.000430,certifiee
1996,F,22,0.000440,certifiee
1996,F,23,0.000390,certifiee
1996,F,24,0.000440,certifiee
1996,F,25,0.000410,certifiee
1996,F,26,0.000520,certifiee
1996,F,27,0.000520,certifiee
1996,F,28,0.000470,certifiee
1996,F,29,0.000560,certifiee
1996,F,3,0.000160,certifiee
1996,F,30,0.000620,certifiee
1996,F,31,0.000690,certifiee
1996,F,32,0.000690,certifiee
1996,F,33,0.000780,certifiee
1996,F,34,0.000780,certifiee
1996,F,35,0.000890,certifiee
1996,F,36,0.000910,certifiee
1996,F,37,0.001040,certifiee
1996,F,38,0.001060,certifiee
1996,F,39,0.001160,certifiee
1996,F,4,0.000170,certifiee
1996,F,40,0.001210,certifiee
1996,F,41,0.001310,certifiee
1996,F,42,0.001450,certifiee
1996,F,43,0.001530,certifiee
1996,F,44,0.001680,certifiee
1996,F,45,0.001760,certifiee
1996,F,46,0.001880,certifiee
1996,F,47,0.002110,certifiee
1996,F,48,0.002100,certifiee
1996,F,49,0.002520,certifiee
1996,F,5,0.000150,certifiee
1996,F,50,0.002510,certifiee
1996,F,51,0.002870,certifiee
1996,F,52,0.003040,certifiee
1996,F,53,0.003150,certifiee
1996,F,54,0.003250,certifiee
1996,F,55,0.003140,certifiee
1996,F,56,0.004070,certifiee
1996,F,57,0.004130,certifiee
1996,F,58,0.004400,certifiee
1996,F,59,0.004790,certifiee
1996,F,6,0.000130,certifiee
1996,F,60,0.005150,certifiee
1996,F,61,0.005500,certifiee
1996,F,62,0.006010,certifiee
1996,F,63,0.006430,certifiee
1996,F,64,0.007100,certifiee
1996,F,65,0.008060,certifiee
1996,F,66,0.008260,certifiee
1996,F,67,0.009300,certifiee
1996,F,68,0.010470,certifiee
1996,F,69,0.010970,certifiee
1996,F,7,0.000120,certifiee
1996,F,70,0.012750,certifiee
1996,F,71,0.013640,certifiee
1996,F,72,0.015290,certifiee
1996,F,73,0.017570,certifiee
1996,F,74,0.019940,certifiee
1996,F,75,0.021830,certifiee
1996,F,76,0.025500,certifiee
1996,F,77,0.026130,certifiee
1996,F,78,0.032120,certifiee
1996,F,79,0.035820,certifiee
1996,F,8,0.000140,certifiee
1996,F,80,0.038210,certifiee
1996,F,81,0.049440,certifiee
1996,F,82,0.054290,certifiee
1996,F,83,0.061590,certifiee
1996,F,84,0.069880,certifiee
1996,F,9,0.000110,certifiee
1996,H,0,0.005460,certifiee
1996,H,1,0.000510,certifiee
1996,H,10,0.000170,certifiee
1996,H,11,0.000170,certifiee
1996,H,12,0.000190,certifiee
1996,H,13,0.000260,certifiee
1996,H,14,0.000340,certifiee
1996,H,15,0.000430,certifiee
1996,H,16,0.000520,certifiee
1996,H,17,0.000710,certifiee
1996,H,18,0.000930,certifiee
1996,H,19,0.001090,certifiee
1996,H,2,0.000350,certifiee
1996,H,20,0.001040,certifiee
1996,H,21,0.001160,certifiee
1996,H,22,0.001310,certifiee
1996,H,23,0.001230,certifiee
1996,H,24,0.001220,certifiee
1996,H,25,0.001300,certifiee
1996,H,26,0.001310,certifiee
1996,H,27,0.001350,certifiee
1996,H,28,0.001470,certifiee
1996,H,29,0.001450,certifiee
1996,H,3,0.000230,certifiee
1996,H,30,0.001600,certifiee
1996,H,31,0.001690,certifiee
1996,H,32,0.001600,certifiee
1996,H,33,0.001790,certifiee
1996,H,34,0.001960,certifiee
1996,H,35,0.002120,certifiee
1996,H,36,0.002210,certifiee
1996,H,37,0.002320,certifiee
1996,H,38,0.002310,certifiee
1996,H,39,0.002520,certifiee
1996,H,4,0.000200,certifiee
1996,H,40,0.002900,certifiee
1996,H,41,0.003210,certifiee
1996,H,42,0.003470,certifiee
1996,H,43,0.003610,certifiee
1996,H,44,0.003720,certifiee
1996,H,45,0.004260,certifiee
1996,H,46,0.004440,certifiee
1996,H,47,0.004680,certifiee
1996,H,48,0.005060,certifiee
1996,H,49,0.005700,certifiee
1996,H,5,0.000150,certifiee
1996,H,50,0.006030,certifiee
1996,H,51,0.006560,certifiee
1996,H,52,0.006900,certifiee
1996,H,53,0.007690,certifiee
1996,H,54,0.008190,certifiee
1996,H,55,0.008320,certifiee
1996,H,56,0.009480,certifiee
1996,H,57,0.010130,certifiee
1996,H,58,0.011210,certifiee
1996,H,59,0.012260,certifiee
1996,H,6,0.000190,certifiee
1996,H,60,0.013270,certifiee
1996,H,61,0.014640,certifiee
1996,H,62,0.015720,certifiee
1996,H,63,0.017270,certifiee
1996,H,64,0.018160,certifiee
1996,H,65,0.020540,certifiee
1996,H,66,0.021490,certifiee
1996,H,67,0.023560,certifiee
1996,H,68,0.025800,certifiee
1996,H,69,0.027860,certifiee
1996,H,7,0.000160,certifiee
1996,H,70,0.029170,certifiee
1996,H,71,0.032460,certifiee
1996,H,72,0.035380,certifiee
1996,H,73,0.038040,certifiee
1996,H,74,0.040580,certifiee
1996,H,75,0.044400,certifiee
1996,H,76,0.052960,certifiee
1996,H,77,0.050790,certifiee
1996,H,78,0.059780,certifiee
1996,H,79,0.066330,certifiee
1996,H,8,0.000180,certifiee
1996,H,80,0.068660,certifiee
1996,H,81,0.085960,certifiee
1996,H,82,0.089690,certifiee
1996,H,83,0.100480,certifiee
1996,H,84,0.110360,certifiee
1996,H,9,0.000160,certifiee
1997,F,0,0.004170,certifiee
1997,F,1,0.000410,certifiee
1997,F,10,0.000130,certifiee
1997,F,11,0.000100,certifiee
1997,F,12,0.000160,certifiee
1997,F,13,0.000150,certifiee
1997,F,14,0.000150,certifiee
1997,F,15,0.000220,certifiee
1997,F,16,0.000240,certifiee
1997,F,17,0.000290,certifiee
1997,F,18,0.000350,certifiee
1997,F,19,0.000420,certifiee
1997,F,2,0.000210,certifiee
1997,F,20,0.000340,certifiee
1997,F,21,0.000390,certifiee
1997,F,22,0.000370,certifiee
1997,F,23,0.000340,certifiee
1997,F,24,0.000400,certifiee
1997,F,25,0.000360,certifiee
1997,F,26,0.000420,certifiee
1997,F,27,0.000390,certifiee
1997,F,28,0.000410,certifiee
1997,F,29,0.000490,certifiee
1997,F,3,0.000250,certifiee
1997,F,30,0.000570,certifiee
1997,F,31,0.000560,certifiee
1997,F,32,0.000630,certifiee
1997,F,33,0.000560,certifiee
1997,F,34,0.000780,certifiee
1997,F,35,0.000750,certifiee
1997,F,36,0.000830,certifiee
1997,F,37,0.000870,certifiee
1997,F,38,0.001000,certifiee
1997,F,39,0.001110,certifiee
1997,F,4,0.000160,certifiee
1997,F,40,0.001160,certifiee
1997,F,41,0.001300,certifiee
1997,F,42,0.001310,certifiee
1997,F,43,0.001530,certifiee
1997,F,44,0.001640,certifiee
1997,F,45,0.001830,certifiee
1997,F,46,0.001950,certifiee
1997,F,47,0.002010,certifiee
1997,F,48,0.002210,certifiee
1997,F,49,0.002330,certifiee
1997,F,5,0.000100,certifiee
1997,F,50,0.002510,certifiee
1997,F,51,0.002920,certifiee
1997,F,52,0.002960,certifiee
1997,F,53,0.003360,certifiee
1997,F,54,0.003330,certifiee
1997,F,55,0.003600,certifiee
1997,F,56,0.003590,certifiee
1997,F,57,0.003980,certifiee
1997,F,58,0.004270,certifiee
1997,F,59,0.004490,certifiee
1997,F,6,0.000090,certifiee
1997,F,60,0.004940,certifiee
1997,F,61,0.005340,certifiee
1997,F,62,0.005710,certifiee
1997,F,63,0.006250,certifiee
1997,F,64,0.006810,certifiee
1997,F,65,0.007610,certifiee
1997,F,66,0.008450,certifiee
1997,F,67,0.009230,certifiee
1997,F,68,0.010110,certifiee
1997,F,69,0.011270,certifiee
1997,F,7,0.000120,certifiee
1997,F,70,0.012270,certifiee
1997,F,71,0.012990,certifiee
1997,F,72,0.014980,certifiee
1997,F,73,0.016660,certifiee
1997,F,74,0.018980,certifiee
1997,F,75,0.021300,certifiee
1997,F,76,0.024410,certifiee
1997,F,77,0.028710,certifiee
1997,F,78,0.028840,certifiee
1997,F,79,0.036450,certifiee
1997,F,8,0.000120,certifiee
1997,F,80,0.039700,certifiee
1997,F,81,0.042690,certifiee
1997,F,82,0.055740,certifiee
1997,F,83,0.059860,certifiee
1997,F,84,0.068710,certifiee
1997,F,9,0.000130,certifiee
1997,H,0,0.005350,certifiee
1997,H,1,0.000490,certifiee
1997,H,10,0.000140,certifiee
1997,H,11,0.000140,certifiee
1997,H,12,0.000180,certifiee
1997,H,13,0.000220,certifiee
1997,H,14,0.000330,certifiee
1997,H,15,0.000420,certifiee
1997,H,16,0.000550,certifiee
1997,H,17,0.000660,certifiee
1997,H,18,0.000900,certifiee
1997,H,19,0.001070,certifiee
1997,H,2,0.000310,certifiee
1997,H,20,0.001040,certifiee
1997,H,21,0.001190,certifiee
1997,H,22,0.001160,certifiee
1997,H,23,0.001230,certifiee
1997,H,24,0.001240,certifiee
1997,H,25,0.001180,certifiee
1997,H,26,0.001250,certifiee
1997,H,27,0.001290,certifiee
1997,H,28,0.001210,certifiee
1997,H,29,0.001310,certifiee
1997,H,3,0.000220,certifiee
1997,H,30,0.001390,certifiee
1997,H,31,0.001420,certifiee
1997,H,32,0.001500,certifiee
1997,H,33,0.001460,certifiee
1997,H,34,0.001630,certifiee
1997,H,35,0.001780,certifiee
1997,H,36,0.001910,certifiee
1997,H,37,0.002050,certifiee
1997,H,38,0.002230,certifiee
1997,H,39,0.002470,certifiee
1997,H,4,0.000190,certifiee
1997,H,40,0.002520,certifiee
1997,H,41,0.002920,certifiee
1997,H,42,0.003210,certifiee
1997,H,43,0.003520,certifiee
1997,H,44,0.003730,certifiee
1997,H,45,0.003980,certifiee
1997,H,46,0.004370,certifiee
1997,H,47,0.004770,certifiee
1997,H,48,0.005090,certifiee
1997,H,49,0.005650,certifiee
1997,H,5,0.000190,certifiee
1997,H,50,0.005960,certifiee
1997,H,51,0.006270,certifiee
1997,H,52,0.006680,certifiee
1997,H,53,0.007490,certifiee
1997,H,54,0.007820,certifiee
1997,H,55,0.008560,certifiee
1997,H,56,0.008720,certifiee
1997,H,57,0.009840,certifiee
1997,H,58,0.010840,certifiee
1997,H,59,0.011890,certifiee
1997,H,6,0.000180,certifiee
1997,H,60,0.012500,certifiee
1997,H,61,0.013820,certifiee
1997,H,62,0.015260,certifiee
1997,H,63,0.016630,certifiee
1997,H,64,0.017870,certifiee
1997,H,65,0.019270,certifiee
1997,H,66,0.020760,certifiee
1997,H,67,0.023180,certifiee
1997,H,68,0.024360,certifiee
1997,H,69,0.027060,certifiee
1997,H,7,0.000160,certifiee
1997,H,70,0.029360,certifiee
1997,H,71,0.031690,certifiee
1997,H,72,0.034770,certifiee
1997,H,73,0.037480,certifiee
1997,H,74,0.039920,certifiee
1997,H,75,0.044500,certifiee
1997,H,76,0.047690,certifiee
1997,H,77,0.055570,certifiee
1997,H,78,0.055310,certifiee
1997,H,79,0.064980,certifiee
1997,H,8,0.000140,certifiee
1997,H,80,0.071040,certifiee
1997,H,81,0.072680,certifiee
1997,H,82,0.093720,certifiee
1997,H,83,0.096950,certifiee
1997,H,84,0.106860,certifiee
1997,H,9,0.000170,certifiee
1998,F,0,0.004430,certifiee
1998,F,1,0.000320,certifiee
1998,F,10,0.000100,certifiee
1998,F,11,0.000120,certifiee
1998,F,12,0.000130,certifiee
1998,F,13,0.000140,certifiee
1998,F,14,0.000190,certifiee
1998,F,15,0.000200,certifiee
1998,F,16,0.000250,certifiee
1998,F,17,0.000250,certifiee
1998,F,18,0.000380,certifiee
1998,F,19,0.000300,certifiee
1998,F,2,0.000250,certifiee
1998,F,20,0.000400,certifiee
1998,F,21,0.000370,certifiee
1998,F,22,0.000460,certifiee
1998,F,23,0.000400,certifiee
1998,F,24,0.000400,certifiee
1998,F,25,0.000410,certifiee
1998,F,26,0.000450,certifiee
1998,F,27,0.000440,certifiee
1998,F,28,0.000440,certifiee
1998,F,29,0.000460,certifiee
1998,F,3,0.000160,certifiee
1998,F,30,0.000510,certifiee
1998,F,31,0.000530,certifiee
1998,F,32,0.000600,certifiee
1998,F,33,0.000630,certifiee
1998,F,34,0.000650,certifiee
1998,F,35,0.000790,certifiee
1998,F,36,0.000780,certifiee
1998,F,37,0.000860,certifiee
1998,F,38,0.001030,certifiee
1998,F,39,0.001120,certifiee
1998,F,4,0.000120,certifiee
1998,F,40,0.001090,certifiee
1998,F,41,0.001280,certifiee
1998,F,42,0.001310,certifiee
1998,F,43,0.001610,certifiee
1998,F,44,0.001610,certifiee
1998,F,45,0.001770,certifiee
1998,F,46,0.001880,certifiee
1998,F,47,0.001990,certifiee
1998,F,48,0.002100,certifiee
1998,F,49,0.002290,certifiee
1998,F,5,0.000150,certifiee
1998,F,50,0.002500,certifiee
1998,F,51,0.002620,certifiee
1998,F,52,0.003030,certifiee
1998,F,53,0.003160,certifiee
1998,F,54,0.003390,certifiee
1998,F,55,0.003540,certifiee
1998,F,56,0.003810,certifiee
1998,F,57,0.003860,certifiee
1998,F,58,0.004490,certifiee
1998,F,59,0.004660,certifiee
1998,F,6,0.000130,certifiee
1998,F,60,0.005050,certifiee
1998,F,61,0.005120,certifiee
1998,F,62,0.005890,certifiee
1998,F,63,0.006070,certifiee
1998,F,64,0.006950,certifiee
1998,F,65,0.007560,certifiee
1998,F,66,0.008380,certifiee
1998,F,67,0.009340,certifiee
1998,F,68,0.009300,certifiee
1998,F,69,0.010810,certifiee
1998,F,7,0.000140,certifiee
1998,F,70,0.012230,certifiee
1998,F,71,0.013460,certifiee
1998,F,72,0.014920,certifiee
1998,F,73,0.016960,certifiee
1998,F,74,0.018930,certifiee
1998,F,75,0.020870,certifiee
1998,F,76,0.024060,certifiee
1998,F,77,0.026850,certifiee
1998,F,78,0.032110,certifiee
1998,F,79,0.033030,certifiee
1998,F,8,0.000140,certifiee
1998,F,80,0.040050,certifiee
1998,F,81,0.044610,certifiee
1998,F,82,0.049240,certifiee
1998,F,83,0.063580,certifiee
1998,F,84,0.069000,certifiee
1998,F,9,0.000100,certifiee
1998,H,0,0.005360,certifiee
1998,H,1,0.000410,certifiee
1998,H,10,0.000130,certifiee
1998,H,11,0.000160,certifiee
1998,H,12,0.000170,certifiee
1998,H,13,0.000200,certifiee
1998,H,14,0.000250,certifiee
1998,H,15,0.000360,certifiee
1998,H,16,0.000460,certifiee
1998,H,17,0.000670,certifiee
1998,H,18,0.000920,certifiee
1998,H,19,0.001040,certifiee
1998,H,2,0.000320,certifiee
1998,H,20,0.001050,certifiee
1998,H,21,0.001210,certifiee
1998,H,22,0.001230,certifiee
1998,H,23,0.001120,certifiee
1998,H,24,0.001180,certifiee
1998,H,25,0.001210,certifiee
1998,H,26,0.001160,certifiee
1998,H,27,0.001210,certifiee
1998,H,28,0.001170,certifiee
1998,H,29,0.001260,certifiee
1998,H,3,0.000250,certifiee
1998,H,30,0.001350,certifiee
1998,H,31,0.001350,certifiee
1998,H,32,0.001350,certifiee
1998,H,33,0.001450,certifiee
1998,H,34,0.001590,certifiee
1998,H,35,0.001610,certifiee
1998,H,36,0.001880,certifiee
1998,H,37,0.001970,certifiee
1998,H,38,0.002310,certifiee
1998,H,39,0.002370,certifiee
1998,H,4,0.000170,certifiee
1998,H,40,0.002580,certifiee
1998,H,41,0.002790,certifiee
1998,H,42,0.003270,certifiee
1998,H,43,0.003450,certifiee
1998,H,44,0.003610,certifiee
1998,H,45,0.004180,certifiee
1998,H,46,0.004360,certifiee
1998,H,47,0.004860,certifiee
1998,H,48,0.005150,certifiee
1998,H,49,0.005480,certifiee
1998,H,5,0.000200,certifiee
1998,H,50,0.005900,certifiee
1998,H,51,0.006290,certifiee
1998,H,52,0.007060,certifiee
1998,H,53,0.006990,certifiee
1998,H,54,0.008000,certifiee
1998,H,55,0.008290,certifiee
1998,H,56,0.008670,certifiee
1998,H,57,0.009620,certifiee
1998,H,58,0.010450,certifiee
1998,H,59,0.011510,certifiee
1998,H,6,0.000140,certifiee
1998,H,60,0.012830,certifiee
1998,H,61,0.013480,certifiee
1998,H,62,0.014630,certifiee
1998,H,63,0.015980,certifiee
1998,H,64,0.017600,certifiee
1998,H,65,0.018770,certifiee
1998,H,66,0.020360,certifiee
1998,H,67,0.022470,certifiee
1998,H,68,0.023890,certifiee
1998,H,69,0.026600,certifiee
1998,H,7,0.000130,certifiee
1998,H,70,0.029220,certifiee
1998,H,71,0.031890,certifiee
1998,H,72,0.034180,certifiee
1998,H,73,0.036480,certifiee
1998,H,74,0.040070,certifiee
1998,H,75,0.044040,certifiee
1998,H,76,0.048040,certifiee
1998,H,77,0.052660,certifiee
1998,H,78,0.061670,certifiee
1998,H,79,0.058210,certifiee
1998,H,8,0.000130,certifiee
1998,H,80,0.070880,certifiee
1998,H,81,0.079840,certifiee
1998,H,82,0.080950,certifiee
1998,H,83,0.105120,certifiee
1998,H,84,0.107200,certifiee
1998,H,9,0.000170,certifiee
1999,F,0,0.004010,certifiee
1999,F,1,0.000390,certifiee
1999,F,10,0.000120,certifiee
1999,F,11,0.000130,certifiee
1999,F,12,0.000110,certifiee
1999,F,13,0.000140,certifiee
1999,F,14,0.000140,certifiee
1999,F,15,0.000220,certifiee
1999,F,16,0.000210,certifiee
1999,F,17,0.000290,certifiee
1999,F,18,0.000330,certifiee
1999,F,19,0.000350,certifiee
1999,F,2,0.000200,certifiee
1999,F,20,0.000410,certifiee
1999,F,21,0.000370,certifiee
1999,F,22,0.000370,certifiee
1999,F,23,0.000450,certifiee
1999,F,24,0.000300,certifiee
1999,F,25,0.000400,certifiee
1999,F,26,0.000390,certifiee
1999,F,27,0.000460,certifiee
1999,F,28,0.000430,certifiee
1999,F,29,0.000450,certifiee
1999,F,3,0.000190,certifiee
1999,F,30,0.000510,certifiee
1999,F,31,0.000480,certifiee
1999,F,32,0.000600,certifiee
1999,F,33,0.000570,certifiee
1999,F,34,0.000700,certifiee
1999,F,35,0.000770,certifiee
1999,F,36,0.000830,certifiee
1999,F,37,0.000870,certifiee
1999,F,38,0.000940,certifiee
1999,F,39,0.001030,certifiee
1999,F,4,0.000110,certifiee
1999,F,40,0.001190,certifiee
1999,F,41,0.001390,certifiee
1999,F,42,0.001410,certifiee
1999,F,43,0.001450,certifiee
1999,F,44,0.001630,certifiee
1999,F,45,0.001810,certifiee
1999,F,46,0.001840,certifiee
1999,F,47,0.002080,certifiee
1999,F,48,0.002230,certifiee
1999,F,49,0.002340,certifiee
1999,F,5,0.000170,certifiee
1999,F,50,0.002600,certifiee
1999,F,51,0.002570,certifiee
1999,F,52,0.003000,certifiee
1999,F,53,0.002980,certifiee
1999,F,54,0.003330,certifiee
1999,F,55,0.003560,certifiee
1999,F,56,0.003560,certifiee
1999,F,57,0.004060,certifiee
1999,F,58,0.003950,certifiee
1999,F,59,0.004570,certifiee
1999,F,6,0.000120,certifiee
1999,F,60,0.005240,certifiee
1999,F,61,0.005140,certifiee
1999,F,62,0.005560,certifiee
1999,F,63,0.006070,certifiee
1999,F,64,0.006660,certifiee
1999,F,65,0.007010,certifiee
1999,F,66,0.007850,certifiee
1999,F,67,0.008650,certifiee
1999,F,68,0.009760,certifiee
1999,F,69,0.010750,certifiee
1999,F,7,0.000110,certifiee
1999,F,70,0.011640,certifiee
1999,F,71,0.013210,certifiee
1999,F,72,0.014600,certifiee
1999,F,73,0.016310,certifiee
1999,F,74,0.018340,certifiee
1999,F,75,0.020530,certifiee
1999,F,76,0.023620,certifiee
1999,F,77,0.027280,certifiee
1999,F,78,0.030600,certifiee
1999,F,79,0.036990,certifiee
1999,F,8,0.000150,certifiee
1999,F,80,0.036840,certifiee
1999,F,81,0.045710,certifiee
1999,F,82,0.052370,certifiee
1999,F,83,0.055430,certifiee
1999,F,84,0.073020,certifiee
1999,F,9,0.000120,certifiee
1999,H,0,0.005070,certifiee
1999,H,1,0.000460,certifiee
1999,H,10,0.000140,certifiee
1999,H,11,0.000140,certifiee
1999,H,12,0.000170,certifiee
1999,H,13,0.000180,certifiee
1999,H,14,0.000280,certifiee
1999,H,15,0.000360,certifiee
1999,H,16,0.000540,certifiee
1999,H,17,0.000700,certifiee
1999,H,18,0.001000,certifiee
1999,H,19,0.001040,certifiee
1999,H,2,0.000260,certifiee
1999,H,20,0.001150,certifiee
1999,H,21,0.001130,certifiee
1999,H,22,0.001150,certifiee
1999,H,23,0.001170,certifiee
1999,H,24,0.001140,certifiee
1999,H,25,0.001180,certifiee
1999,H,26,0.001210,certifiee
1999,H,27,0.001130,certifiee
1999,H,28,0.001160,certifiee
1999,H,29,0.001140,certifiee
1999,H,3,0.000260,certifiee
1999,H,30,0.001270,certifiee
1999,H,31,0.001330,certifiee
1999,H,32,0.001310,certifiee
1999,H,33,0.001390,certifiee
1999,H,34,0.001450,certifiee
1999,H,35,0.001520,certifiee
1999,H,36,0.001660,certifiee
1999,H,37,0.001970,certifiee
1999,H,38,0.002030,certifiee
1999,H,39,0.002200,certifiee
1999,H,4,0.000150,certifiee
1999,H,40,0.002480,certifiee
1999,H,41,0.002680,certifiee
1999,H,42,0.003160,certifiee
1999,H,43,0.003440,certifiee
1999,H,44,0.003870,certifiee
1999,H,45,0.004040,certifiee
1999,H,46,0.004430,certifiee
1999,H,47,0.004650,certifiee
1999,H,48,0.005120,certifiee
1999,H,49,0.005480,certifiee
1999,H,5,0.000180,certifiee
1999,H,50,0.006040,certifiee
1999,H,51,0.006230,certifiee
1999,H,52,0.006800,certifiee
1999,H,53,0.007210,certifiee
1999,H,54,0.007850,certifiee
1999,H,55,0.008600,certifiee
1999,H,56,0.009080,certifiee
1999,H,57,0.009830,certifiee
1999,H,58,0.009360,certifiee
1999,H,59,0.011160,certifiee
1999,H,6,0.000170,certifiee
1999,H,60,0.012080,certifiee
1999,H,61,0.013190,certifiee
1999,H,62,0.013860,certifiee
1999,H,63,0.015690,certifiee
1999,H,64,0.016630,certifiee
1999,H,65,0.018490,certifiee
1999,H,66,0.020000,certifiee
1999,H,67,0.022220,certifiee
1999,H,68,0.024320,certifiee
1999,H,69,0.025480,certifiee
1999,H,7,0.000130,certifiee
1999,H,70,0.028310,certifiee
1999,H,71,0.031410,certifiee
1999,H,72,0.034200,certifiee
1999,H,73,0.035890,certifiee
1999,H,74,0.039450,certifiee
1999,H,75,0.042510,certifiee
1999,H,76,0.047600,certifiee
1999,H,77,0.052310,certifiee
1999,H,78,0.057570,certifiee
1999,H,79,0.066870,certifiee
1999,H,8,0.000140,certifiee
1999,H,80,0.063530,certifiee
1999,H,81,0.077400,certifiee
1999,H,82,0.085640,certifiee
1999,H,83,0.088850,certifiee
1999,H,84,0.113360,certifiee
1999,H,9,0.000110,certifiee
2000,F,0,0.004070,certifiee
2000,F,1,0.000430,certifiee
2000,F,10,0.000090,certifiee
2000,F,11,0.000120,certifiee
2000,F,12,0.000130,certifiee
2000,F,13,0.000150,certifiee
2000,F,14,0.000140,certifiee
2000,F,15,0.000220,certifiee
2000,F,16,0.000250,certifiee
2000,F,17,0.000270,certifiee
2000,F,18,0.000350,certifiee
2000,F,19,0.000340,certifiee
2000,F,2,0.000210,certifiee
2000,F,20,0.000360,certifiee
2000,F,21,0.000330,certifiee
2000,F,22,0.000310,certifiee
2000,F,23,0.000360,certifiee
2000,F,24,0.000360,certifiee
2000,F,25,0.000390,certifiee
2000,F,26,0.000370,certifiee
2000,F,27,0.000380,certifiee
2000,F,28,0.000330,certifiee
2000,F,29,0.000330,certifiee
2000,F,3,0.000160,certifiee
2000,F,30,0.000480,certifiee
2000,F,31,0.000540,certifiee
2000,F,32,0.000580,certifiee
2000,F,33,0.000590,certifiee
2000,F,34,0.000670,certifiee
2000,F,35,0.000710,certifiee
2000,F,36,0.000840,certifiee
2000,F,37,0.000860,certifiee
2000,F,38,0.000880,certifiee
2000,F,39,0.001100,certifiee
2000,F,4,0.000130,certifiee
2000,F,40,0.001110,certifiee
2000,F,41,0.001350,certifiee
2000,F,42,0.001360,certifiee
2000,F,43,0.001390,certifiee
2000,F,44,0.001610,certifiee
2000,F,45,0.001710,certifiee
2000,F,46,0.001970,certifiee
2000,F,47,0.002130,certifiee
2000,F,48,0.002320,certifiee
2000,F,49,0.002350,certifiee
2000,F,5,0.000100,certifiee
2000,F,50,0.002440,certifiee
2000,F,51,0.002630,certifiee
2000,F,52,0.002910,certifiee
2000,F,53,0.002930,certifiee
2000,F,54,0.003160,certifiee
2000,F,55,0.003560,certifiee
2000,F,56,0.003710,certifiee
2000,F,57,0.004000,certifiee
2000,F,58,0.003960,certifiee
2000,F,59,0.004190,certifiee
2000,F,6,0.000120,certifiee
2000,F,60,0.005010,certifiee
2000,F,61,0.004850,certifiee
2000,F,62,0.005670,certifiee
2000,F,63,0.005810,certifiee
2000,F,64,0.006480,certifiee
2000,F,65,0.007040,certifiee
2000,F,66,0.007670,certifiee
2000,F,67,0.008330,certifiee
2000,F,68,0.009360,certifiee
2000,F,69,0.010670,certifiee
2000,F,7,0.000100,certifiee
2000,F,70,0.011600,certifiee
2000,F,71,0.012820,certifiee
2000,F,72,0.014420,certifiee
2000,F,73,0.015650,certifiee
2000,F,74,0.017730,certifiee
2000,F,75,0.019640,certifiee
2000,F,76,0.022570,certifiee
2000,F,77,0.025300,certifiee
2000,F,78,0.029550,certifiee
2000,F,79,0.033410,certifiee
2000,F,8,0.000100,certifiee
2000,F,80,0.039880,certifiee
2000,F,81,0.041600,certifiee
2000,F,82,0.049410,certifiee
2000,F,83,0.058240,certifiee
2000,F,84,0.061590,certifiee
2000,F,9,0.000130,certifiee
2000,H,0,0.005320,certifiee
2000,H,1,0.000460,certifiee
2000,H,10,0.000120,certifiee
2000,H,11,0.000140,certifiee
2000,H,12,0.000190,certifiee
2000,H,13,0.000190,certifiee
2000,H,14,0.000310,certifiee
2000,H,15,0.000370,certifiee
2000,H,16,0.000470,certifiee
2000,H,17,0.000570,certifiee
2000,H,18,0.000900,certifiee
2000,H,19,0.001030,certifiee
2000,H,2,0.000270,certifiee
2000,H,20,0.001030,certifiee
2000,H,21,0.001070,certifiee
2000,H,22,0.001070,certifiee
2000,H,23,0.001060,certifiee
2000,H,24,0.001090,certifiee
2000,H,25,0.001080,certifiee
2000,H,26,0.001100,certifiee
2000,H,27,0.001130,certifiee
2000,H,28,0.001140,certifiee
2000,H,29,0.001250,certifiee
2000,H,3,0.000230,certifiee
2000,H,30,0.001120,certifiee
2000,H,31,0.001300,certifiee
2000,H,32,0.001330,certifiee
2000,H,33,0.001400,certifiee
2000,H,34,0.001400,certifiee
2000,H,35,0.001640,certifiee
2000,H,36,0.001720,certifiee
2000,H,37,0.001830,certifiee
2000,H,38,0.001860,certifiee
2000,H,39,0.002220,certifiee
2000,H,4,0.000190,certifiee
2000,H,40,0.002410,certifiee
2000,H,41,0.002640,certifiee
2000,H,42,0.003070,certifiee
2000,H,43,0.003420,certifiee
2000,H,44,0.003780,certifiee
2000,H,45,0.004020,certifiee
2000,H,46,0.004420,certifiee
2000,H,47,0.004740,certifiee
2000,H,48,0.005110,certifiee
2000,H,49,0.005290,certifiee
2000,H,5,0.000150,certifiee
2000,H,50,0.005960,certifiee
2000,H,51,0.006180,certifiee
2000,H,52,0.006810,certifiee
2000,H,53,0.007160,certifiee
2000,H,54,0.007510,certifiee
2000,H,55,0.008560,certifiee
2000,H,56,0.009040,certifiee
2000,H,57,0.009410,certifiee
2000,H,58,0.009710,certifiee
2000,H,59,0.010290,certifiee
2000,H,6,0.000150,certifiee
2000,H,60,0.011870,certifiee
2000,H,61,0.012270,certifiee
2000,H,62,0.014090,certifiee
2000,H,63,0.014720,certifiee
2000,H,64,0.016260,certifiee
2000,H,65,0.017670,certifiee
2000,H,66,0.019860,certifiee
2000,H,67,0.020850,certifiee
2000,H,68,0.023190,certifiee
2000,H,69,0.025260,certifiee
2000,H,7,0.000150,certifiee
2000,H,70,0.026990,certifiee
2000,H,71,0.029400,certifiee
2000,H,72,0.033210,certifiee
2000,H,73,0.034940,certifiee
2000,H,74,0.038380,certifiee
2000,H,75,0.042280,certifiee
2000,H,76,0.046180,certifiee
2000,H,77,0.050600,certifiee
2000,H,78,0.055360,certifiee
2000,H,79,0.060290,certifiee
2000,H,8,0.000130,certifiee
2000,H,80,0.071610,certifiee
2000,H,81,0.070810,certifiee
2000,H,82,0.085020,certifiee
2000,H,83,0.094660,certifiee
2000,H,84,0.096050,certifiee
2000,H,9,0.000150,certifiee
2001,F,0,0.004170,certifiee
2001,F,1,0.000360,certifiee
2001,F,10,0.000120,certifiee
2001,F,11,0.000100,certifiee
2001,F,12,0.000140,certifiee
2001,F,13,0.000130,certifiee
2001,F,14,0.000180,certifiee
2001,F,15,0.000210,certifiee
2001,F,16,0.000250,certifiee
2001,F,17,0.000260,certifiee
2001,F,18,0.000350,certifiee
2001,F,19,0.000400,certifiee
2001,F,2,0.000230,certifiee
2001,F,20,0.000390,certifiee
2001,F,21,0.000340,certifiee
2001,F,22,0.000320,certifiee
2001,F,23,0.000340,certifiee
2001,F,24,0.000350,certifiee
2001,F,25,0.000380,certifiee
2001,F,26,0.000310,certifiee
2001,F,27,0.000400,certifiee
2001,F,28,0.000430,certifiee
2001,F,29,0.000400,certifiee
2001,F,3,0.000220,certifiee
2001,F,30,0.000420,certifiee
2001,F,31,0.000440,certifiee
2001,F,32,0.000560,certifiee
2001,F,33,0.000620,certifiee
2001,F,34,0.000590,certifiee
2001,F,35,0.000740,certifiee
2001,F,36,0.000770,certifiee
2001,F,37,0.000850,certifiee
2001,F,38,0.001000,certifiee
2001,F,39,0.001040,certifiee
2001,F,4,0.000160,certifiee
2001,F,40,0.001130,certifiee
2001,F,41,0.001220,certifiee
2001,F,42,0.001290,certifiee
2001,F,43,0.001620,certifiee
2001,F,44,0.001620,certifiee
2001,F,45,0.001860,certifiee
2001,F,46,0.001950,certifiee
2001,F,47,0.002080,certifiee
2001,F,48,0.002190,certifiee
2001,F,49,0.002380,certifiee
2001,F,5,0.000110,certifiee
2001,F,50,0.002550,certifiee
2001,F,51,0.002420,certifiee
2001,F,52,0.002790,certifiee
2001,F,53,0.003000,certifiee
2001,F,54,0.003100,certifiee
2001,F,55,0.003400,certifiee
2001,F,56,0.003680,certifiee
2001,F,57,0.004020,certifiee
2001,F,58,0.004270,certifiee
2001,F,59,0.004590,certifiee
2001,F,6,0.000140,certifiee
2001,F,60,0.004400,certifiee
2001,F,61,0.005150,certifiee
2001,F,62,0.005580,certifiee
2001,F,63,0.005920,certifiee
2001,F,64,0.006420,certifiee
2001,F,65,0.007010,certifiee
2001,F,66,0.007600,certifiee
2001,F,67,0.008370,certifiee
2001,F,68,0.009030,certifiee
2001,F,69,0.009970,certifiee
2001,F,7,0.000060,certifiee
2001,F,70,0.011310,certifiee
2001,F,71,0.012660,certifiee
2001,F,72,0.013740,certifiee
2001,F,73,0.015870,certifiee
2001,F,74,0.017840,certifiee
2001,F,75,0.019700,certifiee
2001,F,76,0.021820,certifiee
2001,F,77,0.024960,certifiee
2001,F,78,0.027930,certifiee
2001,F,79,0.032960,certifiee
2001,F,8,0.000090,certifiee
2001,F,80,0.037740,certifiee
2001,F,81,0.045560,certifiee
2001,F,82,0.045100,certifiee
2001,F,83,0.055760,certifiee
2001,F,84,0.064400,certifiee
2001,F,9,0.000080,certifiee
2001,H,0,0.005210,certifiee
2001,H,1,0.000460,certifiee
2001,H,10,0.000130,certifiee
2001,H,11,0.000140,certifiee
2001,H,12,0.000190,certifiee
2001,H,13,0.000190,certifiee
2001,H,14,0.000290,certifiee
2001,H,15,0.000390,certifiee
2001,H,16,0.000520,certifiee
2001,H,17,0.000630,certifiee
2001,H,18,0.000990,certifiee
2001,H,19,0.001120,certifiee
2001,H,2,0.000330,certifiee
2001,H,20,0.001070,certifiee
2001,H,21,0.001030,certifiee
2001,H,22,0.001130,certifiee
2001,H,23,0.001010,certifiee
2001,H,24,0.001060,certifiee
2001,H,25,0.001150,certifiee
2001,H,26,0.001110,certifiee
2001,H,27,0.001180,certifiee
2001,H,28,0.001090,certifiee
2001,H,29,0.001160,certifiee
2001,H,3,0.000220,certifiee
2001,H,30,0.001230,certifiee
2001,H,31,0.001190,certifiee
2001,H,32,0.001200,certifiee
2001,H,33,0.001380,certifiee
2001,H,34,0.001440,certifiee
2001,H,35,0.001610,certifiee
2001,H,36,0.001700,certifiee
2001,H,37,0.001840,certifiee
2001,H,38,0.002120,certifiee
2001,H,39,0.002180,certifiee
2001,H,4,0.000190,certifiee
2001,H,40,0.002380,certifiee
2001,H,41,0.002780,certifiee
2001,H,42,0.002940,certifiee
2001,H,43,0.003130,certifiee
2001,H,44,0.003620,certifiee
2001,H,45,0.004190,certifiee
2001,H,46,0.004560,certifiee
2001,H,47,0.004700,certifiee
2001,H,48,0.005250,certifiee
2001,H,49,0.005360,certifiee
2001,H,5,0.000150,certifiee
2001,H,50,0.005700,certifiee
2001,H,51,0.006350,certifiee
2001,H,52,0.006520,certifiee
2001,H,53,0.007180,certifiee
2001,H,54,0.007540,certifiee
2001,H,55,0.008170,certifiee
2001,H,56,0.008650,certifiee
2001,H,57,0.009430,certifiee
2001,H,58,0.009930,certifiee
2001,H,59,0.010720,certifiee
2001,H,6,0.000150,certifiee
2001,H,60,0.010980,certifiee
2001,H,61,0.012880,certifiee
2001,H,62,0.013310,certifiee
2001,H,63,0.014240,certifiee
2001,H,64,0.015830,certifiee
2001,H,65,0.016920,certifiee
2001,H,66,0.018820,certifiee
2001,H,67,0.020170,certifiee
2001,H,68,0.022180,certifiee
2001,H,69,0.024440,certifiee
2001,H,7,0.000150,certifiee
2001,H,70,0.025840,certifiee
2001,H,71,0.028970,certifiee
2001,H,72,0.032110,certifiee
2001,H,73,0.033910,certifiee
2001,H,74,0.037500,certifiee
2001,H,75,0.040580,certifiee
2001,H,76,0.044890,certifiee
2001,H,77,0.049810,certifiee
2001,H,78,0.054290,certifiee
2001,H,79,0.059410,certifiee
2001,H,8,0.000130,certifiee
2001,H,80,0.067000,certifiee
2001,H,81,0.078240,certifiee
2001,H,82,0.078140,certifiee
2001,H,83,0.092230,certifiee
2001,H,84,0.102540,certifiee
2001,H,9,0.000140,certifiee
2002,F,0,0.003800,certifiee
2002,F,1,0.000330,certifiee
2002,F,10,0.000130,certifiee
2002,F,11,0.000110,certifiee
2002,F,12,0.000110,certifiee
2002,F,13,0.000110,certifiee
2002,F,14,0.000150,certifiee
2002,F,15,0.000160,certifiee
2002,F,16,0.000220,certifiee
2002,F,17,0.000220,certifiee
2002,F,18,0.000370,certifiee
2002,F,19,0.000330,certifiee
2002,F,2,0.000230,certifiee
2002,F,20,0.000340,certifiee
2002,F,21,0.000310,certifiee
2002,F,22,0.000410,certifiee
2002,F,23,0.000270,certifiee
2002,F,24,0.000360,certifiee
2002,F,25,0.000370,certifiee
2002,F,26,0.000330,certifiee
2002,F,27,0.000380,certifiee
2002,F,28,0.000390,certifiee
2002,F,29,0.000400,certifiee
2002,F,3,0.000160,certifiee
2002,F,30,0.000400,certifiee
2002,F,31,0.000410,certifiee
2002,F,32,0.000490,certifiee
2002,F,33,0.000530,certifiee
2002,F,34,0.000620,certifiee
2002,F,35,0.000660,certifiee
2002,F,36,0.000730,certifiee
2002,F,37,0.000790,certifiee
2002,F,38,0.000890,certifiee
2002,F,39,0.001010,certifiee
2002,F,4,0.000140,certifiee
2002,F,40,0.001080,certifiee
2002,F,41,0.001290,certifiee
2002,F,42,0.001420,certifiee
2002,F,43,0.001490,certifiee
2002,F,44,0.001710,certifiee
2002,F,45,0.001810,certifiee
2002,F,46,0.001890,certifiee
2002,F,47,0.002050,certifiee
2002,F,48,0.002200,certifiee
2002,F,49,0.002540,certifiee
2002,F,5,0.000130,certifiee
2002,F,50,0.002410,certifiee
2002,F,51,0.002640,certifiee
2002,F,52,0.002890,certifiee
2002,F,53,0.003010,certifiee
2002,F,54,0.003250,certifiee
2002,F,55,0.003400,certifiee
2002,F,56,0.003850,certifiee
2002,F,57,0.003890,certifiee
2002,F,58,0.004200,certifiee
2002,F,59,0.004260,certifiee
2002,F,6,0.000110,certifiee
2002,F,60,0.004630,certifiee
2002,F,61,0.004820,certifiee
2002,F,62,0.005420,certifiee
2002,F,63,0.005720,certifiee
2002,F,64,0.006260,certifiee
2002,F,65,0.006810,certifiee
2002,F,66,0.007570,certifiee
2002,F,67,0.008470,certifiee
2002,F,68,0.008750,certifiee
2002,F,69,0.010090,certifiee
2002,F,7,0.000110,certifiee
2002,F,70,0.011140,certifiee
2002,F,71,0.012190,certifiee
2002,F,72,0.013730,certifiee
2002,F,73,0.015030,certifiee
2002,F,74,0.017160,certifiee
2002,F,75,0.019220,certifiee
2002,F,76,0.022140,certifiee
2002,F,77,0.024860,certifiee
2002,F,78,0.028440,certifiee
2002,F,79,0.032310,certifiee
2002,F,8,0.000090,certifiee
2002,F,80,0.036390,certifiee
2002,F,81,0.042850,certifiee
2002,F,82,0.051900,certifiee
2002,F,83,0.053210,certifiee
2002,F,84,0.063850,certifiee
2002,F,9,0.000130,certifiee
2002,H,0,0.004720,certifiee
2002,H,1,0.000420,certifiee
2002,H,10,0.000090,certifiee
2002,H,11,0.000110,certifiee
2002,H,12,0.000140,certifiee
2002,H,13,0.000230,certifiee
2002,H,14,0.000220,certifiee
2002,H,15,0.000310,certifiee
2002,H,16,0.000450,certifiee
2002,H,17,0.000590,certifiee
2002,H,18,0.000920,certifiee
2002,H,19,0.000900,certifiee
2002,H,2,0.000310,certifiee
2002,H,20,0.001090,certifiee
2002,H,21,0.001030,certifiee
2002,H,22,0.001060,certifiee
2002,H,23,0.001080,certifiee
2002,H,24,0.000990,certifiee
2002,H,25,0.001110,certifiee
2002,H,26,0.001080,certifiee
2002,H,27,0.001140,certifiee
2002,H,28,0.001130,certifiee
2002,H,29,0.001120,certifiee
2002,H,3,0.000200,certifiee
2002,H,30,0.001150,certifiee
2002,H,31,0.001220,certifiee
2002,H,32,0.001290,certifiee
2002,H,33,0.001300,certifiee
2002,H,34,0.001330,certifiee
2002,H,35,0.001460,certifiee
2002,H,36,0.001690,certifiee
2002,H,37,0.001810,certifiee
2002,H,38,0.001960,certifiee
2002,H,39,0.002070,certifiee
2002,H,4,0.000150,certifiee
2002,H,40,0.002300,certifiee
2002,H,41,0.002510,certifiee
2002,H,42,0.002890,certifiee
2002,H,43,0.003270,certifiee
2002,H,44,0.003330,certifiee
2002,H,45,0.003870,certifiee
2002,H,46,0.004250,certifiee
2002,H,47,0.004840,certifiee
2002,H,48,0.004940,certifiee
2002,H,49,0.005340,certifiee
2002,H,5,0.000130,certifiee
2002,H,50,0.005800,certifiee
2002,H,51,0.006280,certifiee
2002,H,52,0.006590,certifiee
2002,H,53,0.007330,certifiee
2002,H,54,0.007580,certifiee
2002,H,55,0.008220,certifiee
2002,H,56,0.008730,certifiee
2002,H,57,0.009330,certifiee
2002,H,58,0.009900,certifiee
2002,H,59,0.011040,certifiee
2002,H,6,0.000160,certifiee
2002,H,60,0.011470,certifiee
2002,H,61,0.011470,certifiee
2002,H,62,0.013290,certifiee
2002,H,63,0.014160,certifiee
2002,H,64,0.015340,certifiee
2002,H,65,0.016520,certifiee
2002,H,66,0.018150,certifiee
2002,H,67,0.019900,certifiee
2002,H,68,0.021770,certifiee
2002,H,69,0.023550,certifiee
2002,H,7,0.000140,certifiee
2002,H,70,0.025930,certifiee
2002,H,71,0.028170,certifiee
2002,H,72,0.030750,certifiee
2002,H,73,0.033580,certifiee
2002,H,74,0.036980,certifiee
2002,H,75,0.039940,certifiee
2002,H,76,0.043780,certifiee
2002,H,77,0.049150,certifiee
2002,H,78,0.054090,certifiee
2002,H,79,0.058030,certifiee
2002,H,8,0.000130,certifiee
2002,H,80,0.066750,certifiee
2002,H,81,0.072130,certifiee
2002,H,82,0.084570,certifiee
2002,H,83,0.083260,certifiee
2002,H,84,0.100670,certifiee
2002,H,9,0.000150,certifiee
2003,F,0,0.003740,certifiee
2003,F,1,0.000390,certifiee
2003,F,10,0.000080,certifiee
2003,F,11,0.000060,certifiee
2003,F,12,0.000120,certifiee
2003,F,13,0.000110,certifiee
2003,F,14,0.000140,certifiee
2003,F,15,0.000160,certifiee
2003,F,16,0.000190,certifiee
2003,F,17,0.000230,certifiee
2003,F,18,0.000250,certifiee
2003,F,19,0.000280,certifiee
2003,F,2,0.000230,certifiee
2003,F,20,0.000290,certifiee
2003,F,21,0.000340,certifiee
2003,F,22,0.000310,certifiee
2003,F,23,0.000270,certifiee
2003,F,24,0.000290,certifiee
2003,F,25,0.000290,certifiee
2003,F,26,0.000400,certifiee
2003,F,27,0.000340,certifiee
2003,F,28,0.000350,certifiee
2003,F,29,0.000390,certifiee
2003,F,3,0.000150,certifiee
2003,F,30,0.000440,certifiee
2003,F,31,0.000420,certifiee
2003,F,32,0.000520,certifiee
2003,F,33,0.000550,certifiee
2003,F,34,0.000590,certifiee
2003,F,35,0.000720,certifiee
2003,F,36,0.000690,certifiee
2003,F,37,0.000710,certifiee
2003,F,38,0.000920,certifiee
2003,F,39,0.001030,certifiee
2003,F,4,0.000140,certifiee
2003,F,40,0.001110,certifiee
2003,F,41,0.001180,certifiee
2003,F,42,0.001390,certifiee
2003,F,43,0.001450,certifiee
2003,F,44,0.001530,certifiee
2003,F,45,0.001730,certifiee
2003,F,46,0.001880,certifiee
2003,F,47,0.002110,certifiee
2003,F,48,0.002210,certifiee
2003,F,49,0.002400,certifiee
2003,F,5,0.000110,certifiee
2003,F,50,0.002630,certifiee
2003,F,51,0.002710,certifiee
2003,F,52,0.002860,certifiee
2003,F,53,0.003140,certifiee
2003,F,54,0.003230,certifiee
2003,F,55,0.003460,certifiee
2003,F,56,0.003650,certifiee
2003,F,57,0.003830,certifiee
2003,F,58,0.004040,certifiee
2003,F,59,0.004480,certifiee
2003,F,6,0.000100,certifiee
2003,F,60,0.004620,certifiee
2003,F,61,0.005040,certifiee
2003,F,62,0.005210,certifiee
2003,F,63,0.006070,certifiee
2003,F,64,0.006220,certifiee
2003,F,65,0.007030,certifiee
2003,F,66,0.007470,certifiee
2003,F,67,0.008190,certifiee
2003,F,68,0.008790,certifiee
2003,F,69,0.010000,certifiee
2003,F,7,0.000130,certifiee
2003,F,70,0.011100,certifiee
2003,F,71,0.012100,certifiee
2003,F,72,0.014210,certifiee
2003,F,73,0.015150,certifiee
2003,F,74,0.017270,certifiee
2003,F,75,0.019420,certifiee
2003,F,76,0.022530,certifiee
2003,F,77,0.023960,certifiee
2003,F,78,0.029130,certifiee
2003,F,79,0.032550,certifiee
2003,F,8,0.000080,certifiee
2003,F,80,0.036790,certifiee
2003,F,81,0.043460,certifiee
2003,F,82,0.050430,certifiee
2003,F,83,0.060200,certifiee
2003,F,84,0.061570,certifiee
2003,F,9,0.000090,certifiee
2003,H,0,0.004760,certifiee
2003,H,1,0.000430,certifiee
2003,H,10,0.000150,certifiee
2003,H,11,0.000130,certifiee
2003,H,12,0.000160,certifiee
2003,H,13,0.000180,certifiee
2003,H,14,0.000260,certifiee
2003,H,15,0.000280,certifiee
2003,H,16,0.000490,certifiee
2003,H,17,0.000520,certifiee
2003,H,18,0.000750,certifiee
2003,H,19,0.000890,certifiee
2003,H,2,0.000290,certifiee
2003,H,20,0.001010,certifiee
2003,H,21,0.000920,certifiee
2003,H,22,0.001020,certifiee
2003,H,23,0.001060,certifiee
2003,H,24,0.000880,certifiee
2003,H,25,0.000870,certifiee
2003,H,26,0.001000,certifiee
2003,H,27,0.001020,certifiee
2003,H,28,0.001020,certifiee
2003,H,29,0.001000,certifiee
2003,H,3,0.000190,certifiee
2003,H,30,0.001150,certifiee
2003,H,31,0.001160,certifiee
2003,H,32,0.001230,certifiee
2003,H,33,0.001260,certifiee
2003,H,34,0.001420,certifiee
2003,H,35,0.001500,certifiee
2003,H,36,0.001590,certifiee
2003,H,37,0.001700,certifiee
2003,H,38,0.001940,certifiee
2003,H,39,0.002090,certifiee
2003,H,4,0.000190,certifiee
2003,H,40,0.002200,certifiee
2003,H,41,0.002440,certifiee
2003,H,42,0.002650,certifiee
2003,H,43,0.003050,certifiee
2003,H,44,0.003350,certifiee
2003,H,45,0.003750,certifiee
2003,H,46,0.004300,certifiee
2003,H,47,0.004590,certifiee
2003,H,48,0.005070,certifiee
2003,H,49,0.005330,certifiee
2003,H,5,0.000140,certifiee
2003,H,50,0.005930,certifiee
2003,H,51,0.006300,certifiee
2003,H,52,0.006750,certifiee
2003,H,53,0.007050,certifiee
2003,H,54,0.007640,certifiee
2003,H,55,0.008100,certifiee
2003,H,56,0.008950,certifiee
2003,H,57,0.009410,certifiee
2003,H,58,0.009820,certifiee
2003,H,59,0.010900,certifiee
2003,H,6,0.000140,certifiee
2003,H,60,0.011510,certifiee
2003,H,61,0.011550,certifiee
2003,H,62,0.013040,certifiee
2003,H,63,0.014080,certifiee
2003,H,64,0.015110,certifiee
2003,H,65,0.016520,certifiee
2003,H,66,0.017330,certifiee
2003,H,67,0.019160,certifiee
2003,H,68,0.020920,certifiee
2003,H,69,0.023450,certifiee
2003,H,7,0.000110,certifiee
2003,H,70,0.024680,certifiee
2003,H,71,0.027780,certifiee
2003,H,72,0.030660,certifiee
2003,H,73,0.032430,certifiee
2003,H,74,0.036500,certifiee
2003,H,75,0.041310,certifiee
2003,H,76,0.044960,certifiee
2003,H,77,0.049140,certifiee
2003,H,78,0.053350,certifiee
2003,H,79,0.058230,certifiee
2003,H,8,0.000100,certifiee
2003,H,80,0.066900,certifiee
2003,H,81,0.073860,certifiee
2003,H,82,0.080830,certifiee
2003,H,83,0.097180,certifiee
2003,H,84,0.093610,certifiee
2003,H,9,0.000120,certifiee
2004,F,0,0.003730,certifiee
2004,F,1,0.000310,certifiee
2004,F,10,0.000100,certifiee
2004,F,11,0.000100,certifiee
2004,F,12,0.000100,certifiee
2004,F,13,0.000110,certifiee
2004,F,14,0.000120,certifiee
2004,F,15,0.000160,certifiee
2004,F,16,0.000170,certifiee
2004,F,17,0.000230,certifiee
2004,F,18,0.000290,certifiee
2004,F,19,0.000290,certifiee
2004,F,2,0.000170,certifiee
2004,F,20,0.000290,certifiee
2004,F,21,0.000280,certifiee
2004,F,22,0.000260,certifiee
2004,F,23,0.000330,certifiee
2004,F,24,0.000280,certifiee
2004,F,25,0.000300,certifiee
2004,F,26,0.000290,certifiee
2004,F,27,0.000330,certifiee
2004,F,28,0.000290,certifiee
2004,F,29,0.000400,certifiee
2004,F,3,0.000150,certifiee
2004,F,30,0.000420,certifiee
2004,F,31,0.000390,certifiee
2004,F,32,0.000470,certifiee
2004,F,33,0.000570,certifiee
2004,F,34,0.000520,certifiee
2004,F,35,0.000600,certifiee
2004,F,36,0.000680,certifiee
2004,F,37,0.000860,certifiee
2004,F,38,0.000870,certifiee
2004,F,39,0.000860,certifiee
2004,F,4,0.000090,certifiee
2004,F,40,0.001040,certifiee
2004,F,41,0.001150,certifiee
2004,F,42,0.001250,certifiee
2004,F,43,0.001500,certifiee
2004,F,44,0.001530,certifiee
2004,F,45,0.001670,certifiee
2004,F,46,0.001780,certifiee
2004,F,47,0.002040,certifiee
2004,F,48,0.002140,certifiee
2004,F,49,0.002210,certifiee
2004,F,5,0.000100,certifiee
2004,F,50,0.002650,certifiee
2004,F,51,0.002570,certifiee
2004,F,52,0.002760,certifiee
2004,F,53,0.003090,certifiee
2004,F,54,0.003160,certifiee
2004,F,55,0.003360,certifiee
2004,F,56,0.003370,certifiee
2004,F,57,0.003710,certifiee
2004,F,58,0.004040,certifiee
2004,F,59,0.004470,certifiee
2004,F,6,0.000090,certifiee
2004,F,60,0.004800,certifiee
2004,F,61,0.004920,certifiee
2004,F,62,0.005260,certifiee
2004,F,63,0.005280,certifiee
2004,F,64,0.006200,certifiee
2004,F,65,0.006530,certifiee
2004,F,66,0.006610,certifiee
2004,F,67,0.007260,certifiee
2004,F,68,0.008620,certifiee
2004,F,69,0.008980,certifiee
2004,F,7,0.000070,certifiee
2004,F,70,0.010120,certifiee
2004,F,71,0.011370,certifiee
2004,F,72,0.012570,certifiee
2004,F,73,0.013920,certifiee
2004,F,74,0.015810,certifiee
2004,F,75,0.017020,certifiee
2004,F,76,0.020300,certifiee
2004,F,77,0.021840,certifiee
2004,F,78,0.025170,certifiee
2004,F,79,0.028980,certifiee
2004,F,8,0.000080,certifiee
2004,F,80,0.033220,certifiee
2004,F,81,0.037370,certifiee
2004,F,82,0.043780,certifiee
2004,F,83,0.050630,certifiee
2004,F,84,0.060210,certifiee
2004,F,9,0.000090,certifiee
2004,H,0,0.004540,certifiee
2004,H,1,0.000410,certifiee
2004,H,10,0.000110,certifiee
2004,H,11,0.000100,certifiee
2004,H,12,0.000130,certifiee
2004,H,13,0.000180,certifiee
2004,H,14,0.000210,certifiee
2004,H,15,0.000280,certifiee
2004,H,16,0.000380,certifiee
2004,H,17,0.000490,certifiee
2004,H,18,0.000740,certifiee
2004,H,19,0.000820,certifiee
2004,H,2,0.000260,certifiee
2004,H,20,0.000900,certifiee
2004,H,21,0.000920,certifiee
2004,H,22,0.000950,certifiee
2004,H,23,0.000890,certifiee
2004,H,24,0.000930,certifiee
2004,H,25,0.000880,certifiee
2004,H,26,0.000940,certifiee
2004,H,27,0.000910,certifiee
2004,H,28,0.000920,certifiee
2004,H,29,0.000980,certifiee
2004,H,3,0.000220,certifiee
2004,H,30,0.001070,certifiee
2004,H,31,0.001070,certifiee
2004,H,32,0.000980,certifiee
2004,H,33,0.001240,certifiee
2004,H,34,0.001230,certifiee
2004,H,35,0.001400,certifiee
2004,H,36,0.001450,certifiee
2004,H,37,0.001550,certifiee
2004,H,38,0.001720,certifiee
2004,H,39,0.001900,certifiee
2004,H,4,0.000150,certifiee
2004,H,40,0.002030,certifiee
2004,H,41,0.002310,certifiee
2004,H,42,0.002540,certifiee
2004,H,43,0.002920,certifiee
2004,H,44,0.003210,certifiee
2004,H,45,0.003440,certifiee
2004,H,46,0.003940,certifiee
2004,H,47,0.004220,certifiee
2004,H,48,0.004800,certifiee
2004,H,49,0.005040,certifiee
2004,H,5,0.000110,certifiee
2004,H,50,0.005610,certifiee
2004,H,51,0.006130,certifiee
2004,H,52,0.006170,certifiee
2004,H,53,0.006770,certifiee
2004,H,54,0.007270,certifiee
2004,H,55,0.007570,certifiee
2004,H,56,0.007970,certifiee
2004,H,57,0.008850,certifiee
2004,H,58,0.009430,certifiee
2004,H,59,0.010400,certifiee
2004,H,6,0.000130,certifiee
2004,H,60,0.010800,certifiee
2004,H,61,0.011450,certifiee
2004,H,62,0.012580,certifiee
2004,H,63,0.012800,certifiee
2004,H,64,0.014380,certifiee
2004,H,65,0.015230,certifiee
2004,H,66,0.016800,certifiee
2004,H,67,0.017560,certifiee
2004,H,68,0.019260,certifiee
2004,H,69,0.021060,certifiee
2004,H,7,0.000090,certifiee
2004,H,70,0.023370,certifiee
2004,H,71,0.025130,certifiee
2004,H,72,0.027440,certifiee
2004,H,73,0.031140,certifiee
2004,H,74,0.034220,certifiee
2004,H,75,0.036620,certifiee
2004,H,76,0.041780,certifiee
2004,H,77,0.046110,certifiee
2004,H,78,0.049330,certifiee
2004,H,79,0.055870,certifiee
2004,H,8,0.000110,certifiee
2004,H,80,0.061750,certifiee
2004,H,81,0.067240,certifiee
2004,H,82,0.075380,certifiee
2004,H,83,0.082360,certifiee
2004,H,84,0.097910,certifiee
2004,H,9,0.000080,certifiee
2005,F,0,0.003460,certifiee
2005,F,1,0.000310,certifiee
2005,F,10,0.000090,certifiee
2005,F,11,0.000070,certifiee
2005,F,12,0.000060,certifiee
2005,F,13,0.000120,certifiee
2005,F,14,0.000140,certifiee
2005,F,15,0.000130,certifiee
2005,F,16,0.000190,certifiee
2005,F,17,0.000210,certifiee
2005,F,18,0.000260,certifiee
2005,F,19,0.000270,certifiee
2005,F,2,0.000190,certifiee
2005,F,20,0.000330,certifiee
2005,F,21,0.000330,certifiee
2005,F,22,0.000270,certifiee
2005,F,23,0.000300,certifiee
2005,F,24,0.000220,certifiee
2005,F,25,0.000280,certifiee
2005,F,26,0.000310,certifiee
2005,F,27,0.000320,certifiee
2005,F,28,0.000330,certifiee
2005,F,29,0.000360,certifiee
2005,F,3,0.000150,certifiee
2005,F,30,0.000380,certifiee
2005,F,31,0.000460,certifiee
2005,F,32,0.000470,certifiee
2005,F,33,0.000480,certifiee
2005,F,34,0.000510,certifiee
2005,F,35,0.000610,certifiee
2005,F,36,0.000640,certifiee
2005,F,37,0.000730,certifiee
2005,F,38,0.000840,certifiee
2005,F,39,0.000930,certifiee
2005,F,4,0.000120,certifiee
2005,F,40,0.000990,certifiee
2005,F,41,0.001060,certifiee
2005,F,42,0.001210,certifiee
2005,F,43,0.001370,certifiee
2005,F,44,0.001420,certifiee
2005,F,45,0.001630,certifiee
2005,F,46,0.001870,certifiee
2005,F,47,0.001930,certifiee
2005,F,48,0.002110,certifiee
2005,F,49,0.002320,certifiee
2005,F,5,0.000110,certifiee
2005,F,50,0.002420,certifiee
2005,F,51,0.002710,certifiee
2005,F,52,0.002700,certifiee
2005,F,53,0.002860,certifiee
2005,F,54,0.003190,certifiee
2005,F,55,0.003260,certifiee
2005,F,56,0.003470,certifiee
2005,F,57,0.003730,certifiee
2005,F,58,0.003880,certifiee
2005,F,59,0.004290,certifiee
2005,F,6,0.000090,certifiee
2005,F,60,0.004790,certifiee
2005,F,61,0.004820,certifiee
2005,F,62,0.005410,certifiee
2005,F,63,0.005630,certifiee
2005,F,64,0.005580,certifiee
2005,F,65,0.006360,certifiee
2005,F,66,0.007050,certifiee
2005,F,67,0.007700,certifiee
2005,F,68,0.008310,certifiee
2005,F,69,0.008880,certifiee
2005,F,7,0.000080,certifiee
2005,F,70,0.010140,certifiee
2005,F,71,0.011430,certifiee
2005,F,72,0.012230,certifiee
2005,F,73,0.013540,certifiee
2005,F,74,0.015500,certifiee
2005,F,75,0.017220,certifiee
2005,F,76,0.019600,certifiee
2005,F,77,0.022800,certifiee
2005,F,78,0.025290,certifiee
2005,F,79,0.029490,certifiee
2005,F,8,0.000090,certifiee
2005,F,80,0.033880,certifiee
2005,F,81,0.038350,certifiee
2005,F,82,0.043820,certifiee
2005,F,83,0.050600,certifiee
2005,F,84,0.058600,certifiee
2005,F,9,0.000070,certifiee
2005,H,0,0.004340,certifiee
2005,H,1,0.000370,certifiee
2005,H,10,0.000090,certifiee
2005,H,11,0.000120,certifiee
2005,H,12,0.000120,certifiee
2005,H,13,0.000140,certifiee
2005,H,14,0.000170,certifiee
2005,H,15,0.000290,certifiee
2005,H,16,0.000420,certifiee
2005,H,17,0.000510,certifiee
2005,H,18,0.000700,certifiee
2005,H,19,0.000790,certifiee
2005,H,2,0.000230,certifiee
2005,H,20,0.000840,certifiee
2005,H,21,0.000820,certifiee
2005,H,22,0.000890,certifiee
2005,H,23,0.001010,certifiee
2005,H,24,0.000930,certifiee
2005,H,25,0.000930,certifiee
2005,H,26,0.000960,certifiee
2005,H,27,0.000840,certifiee
2005,H,28,0.000890,certifiee
2005,H,29,0.000930,certifiee
2005,H,3,0.000180,certifiee
2005,H,30,0.001030,certifiee
2005,H,31,0.001110,certifiee
2005,H,32,0.001100,certifiee
2005,H,33,0.001150,certifiee
2005,H,34,0.001260,certifiee
2005,H,35,0.001260,certifiee
2005,H,36,0.001530,certifiee
2005,H,37,0.001470,certifiee
2005,H,38,0.001670,certifiee
2005,H,39,0.001820,certifiee
2005,H,4,0.000150,certifiee
2005,H,40,0.002130,certifiee
2005,H,41,0.002200,certifiee
2005,H,42,0.002360,certifiee
2005,H,43,0.002520,certifiee
2005,H,44,0.003110,certifiee
2005,H,45,0.003430,certifiee
2005,H,46,0.003750,certifiee
2005,H,47,0.004260,certifiee
2005,H,48,0.004760,certifiee
2005,H,49,0.005300,certifiee
2005,H,5,0.000120,certifiee
2005,H,50,0.005750,certifiee
2005,H,51,0.005920,certifiee
2005,H,52,0.006250,certifiee
2005,H,53,0.006860,certifiee
2005,H,54,0.007260,certifiee
2005,H,55,0.007650,certifiee
2005,H,56,0.008220,certifiee
2005,H,57,0.009020,certifiee
2005,H,58,0.009700,certifiee
2005,H,59,0.010300,certifiee
2005,H,6,0.000130,certifiee
2005,H,60,0.010870,certifiee
2005,H,61,0.011320,certifiee
2005,H,62,0.012280,certifiee
2005,H,63,0.013220,certifiee
2005,H,64,0.013560,certifiee
2005,H,65,0.015770,certifiee
2005,H,66,0.016400,certifiee
2005,H,67,0.017640,certifiee
2005,H,68,0.019120,certifiee
2005,H,69,0.021330,certifiee
2005,H,7,0.000130,certifiee
2005,H,70,0.022420,certifiee
2005,H,71,0.026020,certifiee
2005,H,72,0.028070,certifiee
2005,H,73,0.030530,certifiee
2005,H,74,0.034510,certifiee
2005,H,75,0.036150,certifiee
2005,H,76,0.040200,certifiee
2005,H,77,0.045050,certifiee
2005,H,78,0.050060,certifiee
2005,H,79,0.054600,certifiee
2005,H,8,0.000110,certifiee
2005,H,80,0.061470,certifiee
2005,H,81,0.068580,certifiee
2005,H,82,0.076300,certifiee
2005,H,83,0.085260,certifiee
2005,H,84,0.093020,certifiee
2005,H,9,0.000080,certifiee
2006,F,0,0.003500,certifiee
2006,F,1,0.000300,certifiee
2006,F,10,0.000060,certifiee
2006,F,11,0.000080,certifiee
2006,F,12,0.000090,certifiee
2006,F,13,0.000120,certifiee
2006,F,14,0.000090,certifiee
2006,F,15,0.000140,certifiee
2006,F,16,0.000190,certifiee
2006,F,17,0.000220,certifiee
2006,F,18,0.000240,certifiee
2006,F,19,0.000250,certifiee
2006,F,2,0.000180,certifiee
2006,F,20,0.000290,certifiee
2006,F,21,0.000290,certifiee
2006,F,22,0.000270,certifiee
2006,F,23,0.000260,certifiee
2006,F,24,0.000300,certifiee
2006,F,25,0.000250,certifiee
2006,F,26,0.000330,certifiee
2006,F,27,0.000280,certifiee
2006,F,28,0.000330,certifiee
2006,F,29,0.000280,certifiee
2006,F,3,0.000160,certifiee
2006,F,30,0.000330,certifiee
2006,F,31,0.000400,certifiee
2006,F,32,0.000430,certifiee
2006,F,33,0.000460,certifiee
2006,F,34,0.000520,certifiee
2006,F,35,0.000610,certifiee
2006,F,36,0.000630,certifiee
2006,F,37,0.000680,certifiee
2006,F,38,0.000840,certifiee
2006,F,39,0.000930,certifiee
2006,F,4,0.000130,certifiee
2006,F,40,0.000950,certifiee
2006,F,41,0.001050,certifiee
2006,F,42,0.001200,certifiee
2006,F,43,0.001320,certifiee
2006,F,44,0.001330,certifiee
2006,F,45,0.001500,certifiee
2006,F,46,0.001850,certifiee
2006,F,47,0.001860,certifiee
2006,F,48,0.002120,certifiee
2006,F,49,0.002320,certifiee
2006,F,5,0.000120,certifiee
2006,F,50,0.002560,certifiee
2006,F,51,0.002750,certifiee
2006,F,52,0.002820,certifiee
2006,F,53,0.002960,certifiee
2006,F,54,0.003060,certifiee
2006,F,55,0.003260,certifiee
2006,F,56,0.003440,certifiee
2006,F,57,0.003950,certifiee
2006,F,58,0.003720,certifiee
2006,F,59,0.004110,certifiee
2006,F,6,0.000080,certifiee
2006,F,60,0.004550,certifiee
2006,F,61,0.004670,certifiee
2006,F,62,0.005220,certifiee
2006,F,63,0.005750,certifiee
2006,F,64,0.006150,certifiee
2006,F,65,0.005930,certifiee
2006,F,66,0.006950,certifiee
2006,F,67,0.007220,certifiee
2006,F,68,0.008320,certifiee
2006,F,69,0.008600,certifiee
2006,F,7,0.000060,certifiee
2006,F,70,0.009540,certifiee
2006,F,71,0.010930,certifiee
2006,F,72,0.011770,certifiee
2006,F,73,0.013320,certifiee
2006,F,74,0.015220,certifiee
2006,F,75,0.016840,certifiee
2006,F,76,0.019210,certifiee
2006,F,77,0.021740,certifiee
2006,F,78,0.024780,certifiee
2006,F,79,0.027440,certifiee
2006,F,8,0.000080,certifiee
2006,F,80,0.031180,certifiee
2006,F,81,0.036010,certifiee
2006,F,82,0.041840,certifiee
2006,F,83,0.047290,certifiee
2006,F,84,0.055480,certifiee
2006,F,9,0.000080,certifiee
2006,H,0,0.004500,certifiee
2006,H,1,0.000390,certifiee
2006,H,10,0.000100,certifiee
2006,H,11,0.000110,certifiee
2006,H,12,0.000150,certifiee
2006,H,13,0.000170,certifiee
2006,H,14,0.000220,certifiee
2006,H,15,0.000290,certifiee
2006,H,16,0.000340,certifiee
2006,H,17,0.000530,certifiee
2006,H,18,0.000610,certifiee
2006,H,19,0.000750,certifiee
2006,H,2,0.000230,certifiee
2006,H,20,0.000750,certifiee
2006,H,21,0.000760,certifiee
2006,H,22,0.000750,certifiee
2006,H,23,0.000890,certifiee
2006,H,24,0.000910,certifiee
2006,H,25,0.000800,certifiee
2006,H,26,0.000900,certifiee
2006,H,27,0.000890,certifiee
2006,H,28,0.000900,certifiee
2006,H,29,0.000930,certifiee
2006,H,3,0.000160,certifiee
2006,H,30,0.000900,certifiee
2006,H,31,0.001080,certifiee
2006,H,32,0.001040,certifiee
2006,H,33,0.001100,certifiee
2006,H,34,0.001230,certifiee
2006,H,35,0.001280,certifiee
2006,H,36,0.001530,certifiee
2006,H,37,0.001480,certifiee
2006,H,38,0.001670,certifiee
2006,H,39,0.001660,certifiee
2006,H,4,0.000120,certifiee
2006,H,40,0.001970,certifiee
2006,H,41,0.002120,certifiee
2006,H,42,0.002330,certifiee
2006,H,43,0.002540,certifiee
2006,H,44,0.002950,certifiee
2006,H,45,0.003280,certifiee
2006,H,46,0.003710,certifiee
2006,H,47,0.004110,certifiee
2006,H,48,0.004390,certifiee
2006,H,49,0.004860,certifiee
2006,H,5,0.000120,certifiee
2006,H,50,0.005510,certifiee
2006,H,51,0.006210,certifiee
2006,H,52,0.006270,certifiee
2006,H,53,0.006860,certifiee
2006,H,54,0.007160,certifiee
2006,H,55,0.007630,certifiee
2006,H,56,0.008390,certifiee
2006,H,57,0.008710,certifiee
2006,H,58,0.009240,certifiee
2006,H,59,0.009960,certifiee
2006,H,6,0.000120,certifiee
2006,H,60,0.010650,certifiee
2006,H,61,0.011160,certifiee
2006,H,62,0.012140,certifiee
2006,H,63,0.012970,certifiee
2006,H,64,0.013960,certifiee
2006,H,65,0.014080,certifiee
2006,H,66,0.015900,certifiee
2006,H,67,0.017220,certifiee
2006,H,68,0.018870,certifiee
2006,H,69,0.020020,certifiee
2006,H,7,0.000090,certifiee
2006,H,70,0.021630,certifiee
2006,H,71,0.023900,certifiee
2006,H,72,0.026530,certifiee
2006,H,73,0.029040,certifiee
2006,H,74,0.031530,certifiee
2006,H,75,0.034880,certifiee
2006,H,76,0.039300,certifiee
2006,H,77,0.042260,certifiee
2006,H,78,0.047410,certifiee
2006,H,79,0.052650,certifiee
2006,H,8,0.000090,certifiee
2006,H,80,0.059400,certifiee
2006,H,81,0.064520,certifiee
2006,H,82,0.071640,certifiee
2006,H,83,0.080470,certifiee
2006,H,84,0.088550,certifiee
2006,H,9,0.000100,certifiee
2007,F,0,0.003310,certifiee
2007,F,1,0.000290,certifiee
2007,F,10,0.000060,certifiee
2007,F,11,0.000080,certifiee
2007,F,12,0.000090,certifiee
2007,F,13,0.000080,certifiee
2007,F,14,0.000120,certifiee
2007,F,15,0.000110,certifiee
2007,F,16,0.000180,certifiee
2007,F,17,0.000180,certifiee
2007,F,18,0.000230,certifiee
2007,F,19,0.000230,certifiee
2007,F,2,0.000160,certifiee
2007,F,20,0.000260,certifiee
2007,F,21,0.000260,certifiee
2007,F,22,0.000180,certifiee
2007,F,23,0.000300,certifiee
2007,F,24,0.000280,certifiee
2007,F,25,0.000250,certifiee
2007,F,26,0.000330,certifiee
2007,F,27,0.000340,certifiee
2007,F,28,0.000330,certifiee
2007,F,29,0.000340,certifiee
2007,F,3,0.000130,certifiee
2007,F,30,0.000360,certifiee
2007,F,31,0.000340,certifiee
2007,F,32,0.000370,certifiee
2007,F,33,0.000440,certifiee
2007,F,34,0.000500,certifiee
2007,F,35,0.000530,certifiee
2007,F,36,0.000590,certifiee
2007,F,37,0.000730,certifiee
2007,F,38,0.000760,certifiee
2007,F,39,0.000850,certifiee
2007,F,4,0.000110,certifiee
2007,F,40,0.000880,certifiee
2007,F,41,0.001040,certifiee
2007,F,42,0.001160,certifiee
2007,F,43,0.001220,certifiee
2007,F,44,0.001450,certifiee
2007,F,45,0.001560,certifiee
2007,F,46,0.001640,certifiee
2007,F,47,0.001820,certifiee
2007,F,48,0.002090,certifiee
2007,F,49,0.002180,certifiee
2007,F,5,0.000100,certifiee
2007,F,50,0.002430,certifiee
2007,F,51,0.002530,certifiee
2007,F,52,0.002670,certifiee
2007,F,53,0.002900,certifiee
2007,F,54,0.003010,certifiee
2007,F,55,0.003240,certifiee
2007,F,56,0.003450,certifiee
2007,F,57,0.003740,certifiee
2007,F,58,0.003960,certifiee
2007,F,59,0.004180,certifiee
2007,F,6,0.000090,certifiee
2007,F,60,0.004630,certifiee
2007,F,61,0.004600,certifiee
2007,F,62,0.005200,certifiee
2007,F,63,0.005700,certifiee
2007,F,64,0.005740,certifiee
2007,F,65,0.006230,certifiee
2007,F,66,0.006350,certifiee
2007,F,67,0.007090,certifiee
2007,F,68,0.007850,certifiee
2007,F,69,0.008650,certifiee
2007,F,7,0.000090,certifiee
2007,F,70,0.009860,certifiee
2007,F,71,0.010210,certifiee
2007,F,72,0.011910,certifiee
2007,F,73,0.012920,certifiee
2007,F,74,0.014430,certifiee
2007,F,75,0.016280,certifiee
2007,F,76,0.018660,certifiee
2007,F,77,0.020460,certifiee
2007,F,78,0.023640,certifiee
2007,F,79,0.027560,certifiee
2007,F,8,0.000100,certifiee
2007,F,80,0.031320,certifiee
2007,F,81,0.035420,certifiee
2007,F,82,0.040590,certifiee
2007,F,83,0.046420,certifiee
2007,F,84,0.053420,certifiee
2007,F,9,0.000080,certifiee
2007,H,0,0.004380,certifiee
2007,H,1,0.000360,certifiee
2007,H,10,0.000070,certifiee
2007,H,11,0.000100,certifiee
2007,H,12,0.000130,certifiee
2007,H,13,0.000140,certifiee
2007,H,14,0.000180,certifiee
2007,H,15,0.000270,certifiee
2007,H,16,0.000320,certifiee
2007,H,17,0.000480,certifiee
2007,H,18,0.000640,certifiee
2007,H,19,0.000650,certifiee
2007,H,2,0.000250,certifiee
2007,H,20,0.000820,certifiee
2007,H,21,0.000820,certifiee
2007,H,22,0.000840,certifiee
2007,H,23,0.000870,certifiee
2007,H,24,0.000810,certifiee
2007,H,25,0.000930,certifiee
2007,H,26,0.000930,certifiee
2007,H,27,0.000910,certifiee
2007,H,28,0.000890,certifiee
2007,H,29,0.000870,certifiee
2007,H,3,0.000160,certifiee
2007,H,30,0.000890,certifiee
2007,H,31,0.000920,certifiee
2007,H,32,0.001080,certifiee
2007,H,33,0.001020,certifiee
2007,H,34,0.001110,certifiee
2007,H,35,0.001250,certifiee
2007,H,36,0.001400,certifiee
2007,H,37,0.001480,certifiee
2007,H,38,0.001590,certifiee
2007,H,39,0.001580,certifiee
2007,H,4,0.000140,certifiee
2007,H,40,0.001840,certifiee
2007,H,41,0.002080,certifiee
2007,H,42,0.002310,certifiee
2007,H,43,0.002410,certifiee
2007,H,44,0.002730,certifiee
2007,H,45,0.003220,certifiee
2007,H,46,0.003420,certifiee
2007,H,47,0.003780,certifiee
2007,H,48,0.004120,certifiee
2007,H,49,0.004980,certifiee
2007,H,5,0.000090,certifiee
2007,H,50,0.005070,certifiee
2007,H,51,0.005710,certifiee
2007,H,52,0.006360,certifiee
2007,H,53,0.006760,certifiee
2007,H,54,0.007190,certifiee
2007,H,55,0.007800,certifiee
2007,H,56,0.007950,certifiee
2007,H,57,0.008950,certifiee
2007,H,58,0.009260,certifiee
2007,H,59,0.009630,certifiee
2007,H,6,0.000090,certifiee
2007,H,60,0.010560,certifiee
2007,H,61,0.010990,certifiee
2007,H,62,0.011910,certifiee
2007,H,63,0.012910,certifiee
2007,H,64,0.013630,certifiee
2007,H,65,0.014670,certifiee
2007,H,66,0.014770,certifiee
2007,H,67,0.017040,certifiee
2007,H,68,0.018890,certifiee
2007,H,69,0.019560,certifiee
2007,H,7,0.000100,certifiee
2007,H,70,0.021170,certifiee
2007,H,71,0.023130,certifiee
2007,H,72,0.025270,certifiee
2007,H,73,0.027520,certifiee
2007,H,74,0.030570,certifiee
2007,H,75,0.033810,certifiee
2007,H,76,0.037230,certifiee
2007,H,77,0.041530,certifiee
2007,H,78,0.047250,certifiee
2007,H,79,0.051510,certifiee
2007,H,8,0.000100,certifiee
2007,H,80,0.058060,certifiee
2007,H,81,0.063800,certifiee
2007,H,82,0.071250,certifiee
2007,H,83,0.078660,certifiee
2007,H,84,0.088610,certifiee
2007,H,9,0.000090,certifiee
2008,F,0,0.003620,certifiee
2008,F,1,0.000290,certifiee
2008,F,10,0.000090,certifiee
2008,F,11,0.000080,certifiee
2008,F,12,0.000090,certifiee
2008,F,13,0.000090,certifiee
2008,F,14,0.000100,certifiee
2008,F,15,0.000130,certifiee
2008,F,16,0.000140,certifiee
2008,F,17,0.000160,certifiee
2008,F,18,0.000230,certifiee
2008,F,19,0.000250,certifiee
2008,F,2,0.000190,certifiee
2008,F,20,0.000190,certifiee
2008,F,21,0.000240,certifiee
2008,F,22,0.000280,certifiee
2008,F,23,0.000230,certifiee
2008,F,24,0.000270,certifiee
2008,F,25,0.000270,certifiee
2008,F,26,0.000260,certifiee
2008,F,27,0.000280,certifiee
2008,F,28,0.000290,certifiee
2008,F,29,0.000340,certifiee
2008,F,3,0.000170,certifiee
2008,F,30,0.000380,certifiee
2008,F,31,0.000370,certifiee
2008,F,32,0.000440,certifiee
2008,F,33,0.000450,certifiee
2008,F,34,0.000560,certifiee
2008,F,35,0.000610,certifiee
2008,F,36,0.000580,certifiee
2008,F,37,0.000660,certifiee
2008,F,38,0.000790,certifiee
2008,F,39,0.000910,certifiee
2008,F,4,0.000100,certifiee
2008,F,40,0.000900,certifiee
2008,F,41,0.001030,certifiee
2008,F,42,0.001060,certifiee
2008,F,43,0.001300,certifiee
2008,F,44,0.001410,certifiee
2008,F,45,0.001650,certifiee
2008,F,46,0.001600,certifiee
2008,F,47,0.001860,certifiee
2008,F,48,0.001960,certifiee
2008,F,49,0.002220,certifiee
2008,F,5,0.000090,certifiee
2008,F,50,0.002310,certifiee
2008,F,51,0.002610,certifiee
2008,F,52,0.002840,certifiee
2008,F,53,0.002880,certifiee
2008,F,54,0.003120,certifiee
2008,F,55,0.003400,certifiee
2008,F,56,0.003500,certifiee
2008,F,57,0.003680,certifiee
2008,F,58,0.003930,certifiee
2008,F,59,0.004020,certifiee
2008,F,6,0.000100,certifiee
2008,F,60,0.004270,certifiee
2008,F,61,0.005050,certifiee
2008,F,62,0.005170,certifiee
2008,F,63,0.005280,certifiee
2008,F,64,0.005920,certifiee
2008,F,65,0.006180,certifiee
2008,F,66,0.006870,certifiee
2008,F,67,0.006840,certifiee
2008,F,68,0.008080,certifiee
2008,F,69,0.009010,certifiee
2008,F,7,0.000080,certifiee
2008,F,70,0.009530,certifiee
2008,F,71,0.010590,certifiee
2008,F,72,0.011320,certifiee
2008,F,73,0.013140,certifiee
2008,F,74,0.014480,certifiee
2008,F,75,0.016190,certifiee
2008,F,76,0.018580,certifiee
2008,F,77,0.021330,certifiee
2008,F,78,0.023400,certifiee
2008,F,79,0.027510,certifiee
2008,F,8,0.000070,certifiee
2008,F,80,0.030600,certifiee
2008,F,81,0.035740,certifiee
2008,F,82,0.040090,certifiee
2008,F,83,0.047600,certifiee
2008,F,84,0.053740,certifiee
2008,F,9,0.000080,certifiee
2008,H,0,0.004270,certifiee
2008,H,1,0.000370,certifiee
2008,H,10,0.000080,certifiee
2008,H,11,0.000110,certifiee
2008,H,12,0.000110,certifiee
2008,H,13,0.000120,certifiee
2008,H,14,0.000180,certifiee
2008,H,15,0.000220,certifiee
2008,H,16,0.000350,certifiee
2008,H,17,0.000390,certifiee
2008,H,18,0.000620,certifiee
2008,H,19,0.000630,certifiee
2008,H,2,0.000190,certifiee
2008,H,20,0.000730,certifiee
2008,H,21,0.000800,certifiee
2008,H,22,0.000830,certifiee
2008,H,23,0.000870,certifiee
2008,H,24,0.000880,certifiee
2008,H,25,0.000890,certifiee
2008,H,26,0.000890,certifiee
2008,H,27,0.000930,certifiee
2008,H,28,0.000910,certifiee
2008,H,29,0.000910,certifiee
2008,H,3,0.000180,certifiee
2008,H,30,0.000880,certifiee
2008,H,31,0.000920,certifiee
2008,H,32,0.000970,certifiee
2008,H,33,0.001020,certifiee
2008,H,34,0.001090,certifiee
2008,H,35,0.001110,certifiee
2008,H,36,0.001390,certifiee
2008,H,37,0.001400,certifiee
2008,H,38,0.001470,certifiee
2008,H,39,0.001650,certifiee
2008,H,4,0.000160,certifiee
2008,H,40,0.001810,certifiee
2008,H,41,0.002030,certifiee
2008,H,42,0.002250,certifiee
2008,H,43,0.002370,certifiee
2008,H,44,0.002750,certifiee
2008,H,45,0.002720,certifiee
2008,H,46,0.003420,certifiee
2008,H,47,0.003670,certifiee
2008,H,48,0.004190,certifiee
2008,H,49,0.004710,certifiee
2008,H,5,0.000120,certifiee
2008,H,50,0.005100,certifiee
2008,H,51,0.005730,certifiee
2008,H,52,0.006060,certifiee
2008,H,53,0.006590,certifiee
2008,H,54,0.006850,certifiee
2008,H,55,0.007720,certifiee
2008,H,56,0.008350,certifiee
2008,H,57,0.008390,certifiee
2008,H,58,0.009140,certifiee
2008,H,59,0.009550,certifiee
2008,H,6,0.000100,certifiee
2008,H,60,0.010370,certifiee
2008,H,61,0.011190,certifiee
2008,H,62,0.011820,certifiee
2008,H,63,0.012780,certifiee
2008,H,64,0.013710,certifiee
2008,H,65,0.014580,certifiee
2008,H,66,0.015620,certifiee
2008,H,67,0.015280,certifiee
2008,H,68,0.017940,certifiee
2008,H,69,0.018640,certifiee
2008,H,7,0.000070,certifiee
2008,H,70,0.020460,certifiee
2008,H,71,0.022890,certifiee
2008,H,72,0.025250,certifiee
2008,H,73,0.027220,certifiee
2008,H,74,0.030160,certifiee
2008,H,75,0.034060,certifiee
2008,H,76,0.036510,certifiee
2008,H,77,0.040810,certifiee
2008,H,78,0.045140,certifiee
2008,H,79,0.050770,certifiee
2008,H,8,0.000090,certifiee
2008,H,80,0.057080,certifiee
2008,H,81,0.063760,certifiee
2008,H,82,0.072030,certifiee
2008,H,83,0.078250,certifiee
2008,H,84,0.087740,certifiee
2008,H,9,0.000070,certifiee
2009,F,0,0.003560,certifiee
2009,F,1,0.000280,certifiee
2009,F,10,0.000080,certifiee
2009,F,11,0.000070,certifiee
2009,F,12,0.000070,certifiee
2009,F,13,0.000100,certifiee
2009,F,14,0.000140,certifiee
2009,F,15,0.000130,certifiee
2009,F,16,0.000190,certifiee
2009,F,17,0.000230,certifiee
2009,F,18,0.000170,certifiee
2009,F,19,0.000230,certifiee
2009,F,2,0.000190,certifiee
2009,F,20,0.000250,certifiee
2009,F,21,0.000270,certifiee
2009,F,22,0.000230,certifiee
2009,F,23,0.000240,certifiee
2009,F,24,0.000260,certifiee
2009,F,25,0.000270,certifiee
2009,F,26,0.000330,certifiee
2009,F,27,0.000320,certifiee
2009,F,28,0.000300,certifiee
2009,F,29,0.000320,certifiee
2009,F,3,0.000120,certifiee
2009,F,30,0.000360,certifiee
2009,F,31,0.000360,certifiee
2009,F,32,0.000400,certifiee
2009,F,33,0.000470,certifiee
2009,F,34,0.000590,certifiee
2009,F,35,0.000570,certifiee
2009,F,36,0.000550,certifiee
2009,F,37,0.000640,certifiee
2009,F,38,0.000730,certifiee
2009,F,39,0.000820,certifiee
2009,F,4,0.000110,certifiee
2009,F,40,0.000910,certifiee
2009,F,41,0.000980,certifiee
2009,F,42,0.001180,certifiee
2009,F,43,0.001220,certifiee
2009,F,44,0.001430,certifiee
2009,F,45,0.001580,certifiee
2009,F,46,0.001570,certifiee
2009,F,47,0.001850,certifiee
2009,F,48,0.001980,certifiee
2009,F,49,0.002190,certifiee
2009,F,5,0.000100,certifiee
2009,F,50,0.002370,certifiee
2009,F,51,0.002750,certifiee
2009,F,52,0.002790,certifiee
2009,F,53,0.002960,certifiee
2009,F,54,0.003020,certifiee
2009,F,55,0.003390,certifiee
2009,F,56,0.003400,certifiee
2009,F,57,0.003860,certifiee
2009,F,58,0.004060,certifiee
2009,F,59,0.004190,certifiee
2009,F,6,0.000090,certifiee
2009,F,60,0.004140,certifiee
2009,F,61,0.004570,certifiee
2009,F,62,0.005080,certifiee
2009,F,63,0.005410,certifiee
2009,F,64,0.005890,certifiee
2009,F,65,0.006390,certifiee
2009,F,66,0.006810,certifiee
2009,F,67,0.007390,certifiee
2009,F,68,0.007520,certifiee
2009,F,69,0.008680,certifiee
2009,F,7,0.000060,certifiee
2009,F,70,0.009290,certifiee
2009,F,71,0.010000,certifiee
2009,F,72,0.011400,certifiee
2009,F,73,0.012750,certifiee
2009,F,74,0.013940,certifiee
2009,F,75,0.016150,certifiee
2009,F,76,0.017840,certifiee
2009,F,77,0.020060,certifiee
2009,F,78,0.022850,certifiee
2009,F,79,0.026110,certifiee
2009,F,8,0.000100,certifiee
2009,F,80,0.029930,certifiee
2009,F,81,0.035200,certifiee
2009,F,82,0.040490,certifiee
2009,F,83,0.046000,certifiee
2009,F,84,0.053510,certifiee
2009,F,9,0.000080,certifiee
2009,H,0,0.004370,certifiee
2009,H,1,0.000360,certifiee
2009,H,10,0.000100,certifiee
2009,H,11,0.000110,certifiee
2009,H,12,0.000120,certifiee
2009,H,13,0.000110,certifiee
2009,H,14,0.000200,certifiee
2009,H,15,0.000300,certifiee
2009,H,16,0.000290,certifiee
2009,H,17,0.000450,certifiee
2009,H,18,0.000620,certifiee
2009,H,19,0.000660,certifiee
2009,H,2,0.000240,certifiee
2009,H,20,0.000690,certifiee
2009,H,21,0.000830,certifiee
2009,H,22,0.000730,certifiee
2009,H,23,0.000860,certifiee
2009,H,24,0.000840,certifiee
2009,H,25,0.000860,certifiee
2009,H,26,0.000860,certifiee
2009,H,27,0.000830,certifiee
2009,H,28,0.000980,certifiee
2009,H,29,0.000860,certifiee
2009,H,3,0.000170,certifiee
2009,H,30,0.000910,certifiee
2009,H,31,0.000890,certifiee
2009,H,32,0.001060,certifiee
2009,H,33,0.001040,certifiee
2009,H,34,0.001120,certifiee
2009,H,35,0.001260,certifiee
2009,H,36,0.001360,certifiee
2009,H,37,0.001460,certifiee
2009,H,38,0.001500,certifiee
2009,H,39,0.001720,certifiee
2009,H,4,0.000100,certifiee
2009,H,40,0.001890,certifiee
2009,H,41,0.002080,certifiee
2009,H,42,0.002250,certifiee
2009,H,43,0.002440,certifiee
2009,H,44,0.002680,certifiee
2009,H,45,0.002890,certifiee
2009,H,46,0.003170,certifiee
2009,H,47,0.003660,certifiee
2009,H,48,0.003910,certifiee
2009,H,49,0.004270,certifiee
2009,H,5,0.000130,certifiee
2009,H,50,0.004960,certifiee
2009,H,51,0.005310,certifiee
2009,H,52,0.005900,certifiee
2009,H,53,0.006460,certifiee
2009,H,54,0.007240,certifiee
2009,H,55,0.007710,certifiee
2009,H,56,0.008450,certifiee
2009,H,57,0.008940,certifiee
2009,H,58,0.009240,certifiee
2009,H,59,0.009890,certifiee
2009,H,6,0.000120,certifiee
2009,H,60,0.010530,certifiee
2009,H,61,0.010980,certifiee
2009,H,62,0.011520,certifiee
2009,H,63,0.012580,certifiee
2009,H,64,0.012960,certifiee
2009,H,65,0.014430,certifiee
2009,H,66,0.015330,certifiee
2009,H,67,0.015880,certifiee
2009,H,68,0.016720,certifiee
2009,H,69,0.018830,certifiee
2009,H,7,0.000100,certifiee
2009,H,70,0.020130,certifiee
2009,H,71,0.021560,certifiee
2009,H,72,0.024620,certifiee
2009,H,73,0.026200,certifiee
2009,H,74,0.029000,certifiee
2009,H,75,0.032140,certifiee
2009,H,76,0.036450,certifiee
2009,H,77,0.039350,certifiee
2009,H,78,0.043800,certifiee
2009,H,79,0.049370,certifiee
2009,H,8,0.000080,certifiee
2009,H,80,0.054510,certifiee
2009,H,81,0.061870,certifiee
2009,H,82,0.068780,certifiee
2009,H,83,0.075970,certifiee
2009,H,84,0.086320,certifiee
2009,H,9,0.000080,certifiee
2010,F,0,0.003400,certifiee
2010,F,1,0.000330,certifiee
2010,F,10,0.000070,certifiee
2010,F,11,0.000080,certifiee
2010,F,12,0.000090,certifiee
2010,F,13,0.000110,certifiee
2010,F,14,0.000100,certifiee
2010,F,15,0.000130,certifiee
2010,F,16,0.000150,certifiee
2010,F,17,0.000130,certifiee
2010,F,18,0.000210,certifiee
2010,F,19,0.000230,certifiee
2010,F,2,0.000150,certifiee
2010,F,20,0.000240,certifiee
2010,F,21,0.000250,certifiee
2010,F,22,0.000250,certifiee
2010,F,23,0.000240,certifiee
2010,F,24,0.000260,certifiee
2010,F,25,0.000270,certifiee
2010,F,26,0.000260,certifiee
2010,F,27,0.000340,certifiee
2010,F,28,0.000340,certifiee
2010,F,29,0.000310,certifiee
2010,F,3,0.000130,certifiee
2010,F,30,0.000320,certifiee
2010,F,31,0.000320,certifiee
2010,F,32,0.000360,certifiee
2010,F,33,0.000430,certifiee
2010,F,34,0.000440,certifiee
2010,F,35,0.000500,certifiee
2010,F,36,0.000560,certifiee
2010,F,37,0.000650,certifiee
2010,F,38,0.000720,certifiee
2010,F,39,0.000760,certifiee
2010,F,4,0.000080,certifiee
2010,F,40,0.000840,certifiee
2010,F,41,0.001010,certifiee
2010,F,42,0.001090,certifiee
2010,F,43,0.001100,certifiee
2010,F,44,0.001330,certifiee
2010,F,45,0.001390,certifiee
2010,F,46,0.001640,certifiee
2010,F,47,0.001720,certifiee
2010,F,48,0.001980,certifiee
2010,F,49,0.002110,certifiee
2010,F,5,0.000050,certifiee
2010,F,50,0.002350,certifiee
2010,F,51,0.002640,certifiee
2010,F,52,0.002560,certifiee
2010,F,53,0.002860,certifiee
2010,F,54,0.003170,certifiee
2010,F,55,0.003230,certifiee
2010,F,56,0.003530,certifiee
2010,F,57,0.003830,certifiee
2010,F,58,0.003920,certifiee
2010,F,59,0.004190,certifiee
2010,F,6,0.000080,certifiee
2010,F,60,0.004600,certifiee
2010,F,61,0.004540,certifiee
2010,F,62,0.005110,certifiee
2010,F,63,0.005370,certifiee
2010,F,64,0.005690,certifiee
2010,F,65,0.006310,certifiee
2010,F,66,0.006700,certifiee
2010,F,67,0.007230,certifiee
2010,F,68,0.008000,certifiee
2010,F,69,0.008000,certifiee
2010,F,7,0.000080,certifiee
2010,F,70,0.009120,certifiee
2010,F,71,0.010030,certifiee
2010,F,72,0.011380,certifiee
2010,F,73,0.012120,certifiee
2010,F,74,0.013720,certifiee
2010,F,75,0.015230,certifiee
2010,F,76,0.017610,certifiee
2010,F,77,0.019830,certifiee
2010,F,78,0.022530,certifiee
2010,F,79,0.025750,certifiee
2010,F,8,0.000090,certifiee
2010,F,80,0.029650,certifiee
2010,F,81,0.034570,certifiee
2010,F,82,0.039290,certifiee
2010,F,83,0.045000,certifiee
2010,F,84,0.052310,certifiee
2010,F,9,0.000070,certifiee
2010,H,0,0.004100,certifiee
2010,H,1,0.000280,certifiee
2010,H,10,0.000100,certifiee
2010,H,11,0.000100,certifiee
2010,H,12,0.000120,certifiee
2010,H,13,0.000100,certifiee
2010,H,14,0.000160,certifiee
2010,H,15,0.000290,certifiee
2010,H,16,0.000400,certifiee
2010,H,17,0.000410,certifiee
2010,H,18,0.000530,certifiee
2010,H,19,0.000680,certifiee
2010,H,2,0.000210,certifiee
2010,H,20,0.000690,certifiee
2010,H,21,0.000620,certifiee
2010,H,22,0.000790,certifiee
2010,H,23,0.000860,certifiee
2010,H,24,0.000800,certifiee
2010,H,25,0.000780,certifiee
2010,H,26,0.000820,certifiee
2010,H,27,0.000820,certifiee
2010,H,28,0.000960,certifiee
2010,H,29,0.000910,certifiee
2010,H,3,0.000160,certifiee
2010,H,30,0.000930,certifiee
2010,H,31,0.000930,certifiee
2010,H,32,0.000990,certifiee
2010,H,33,0.001100,certifiee
2010,H,34,0.001090,certifiee
2010,H,35,0.001160,certifiee
2010,H,36,0.001380,certifiee
2010,H,37,0.001390,certifiee
2010,H,38,0.001500,certifiee
2010,H,39,0.001680,certifiee
2010,H,4,0.000090,certifiee
2010,H,40,0.001670,certifiee
2010,H,41,0.002030,certifiee
2010,H,42,0.002130,certifiee
2010,H,43,0.002320,certifiee
2010,H,44,0.002610,certifiee
2010,H,45,0.002810,certifiee
2010,H,46,0.003070,certifiee
2010,H,47,0.003550,certifiee
2010,H,48,0.003790,certifiee
2010,H,49,0.004220,certifiee
2010,H,5,0.000130,certifiee
2010,H,50,0.004690,certifiee
2010,H,51,0.005260,certifiee
2010,H,52,0.005870,certifiee
2010,H,53,0.006630,certifiee
2010,H,54,0.006800,certifiee
2010,H,55,0.007580,certifiee
2010,H,56,0.008230,certifiee
2010,H,57,0.008610,certifiee
2010,H,58,0.009210,certifiee
2010,H,59,0.009560,certifiee
2010,H,6,0.000120,certifiee
2010,H,60,0.010400,certifiee
2010,H,61,0.011250,certifiee
2010,H,62,0.011290,certifiee
2010,H,63,0.012360,certifiee
2010,H,64,0.013170,certifiee
2010,H,65,0.014230,certifiee
2010,H,66,0.015240,certifiee
2010,H,67,0.016390,certifiee
2010,H,68,0.017200,certifiee
2010,H,69,0.017540,certifiee
2010,H,7,0.000080,certifiee
2010,H,70,0.020170,certifiee
2010,H,71,0.021480,certifiee
2010,H,72,0.023480,certifiee
2010,H,73,0.025360,certifiee
2010,H,74,0.027920,certifiee
2010,H,75,0.031330,certifiee
2010,H,76,0.035600,certifiee
2010,H,77,0.037630,certifiee
2010,H,78,0.043230,certifiee
2010,H,79,0.047760,certifiee
2010,H,8,0.000080,certifiee
2010,H,80,0.053540,certifiee
2010,H,81,0.060480,certifiee
2010,H,82,0.067470,certifiee
2010,H,83,0.075230,certifiee
2010,H,84,0.084140,certifiee
2010,H,9,0.000080,certifiee
2011,F,0,0.003300,certifiee
2011,F,1,0.000290,certifiee
2011,F,10,0.000060,certifiee
2011,F,11,0.000070,certifiee
2011,F,12,0.000080,certifiee
2011,F,13,0.000070,certifiee
2011,F,14,0.000100,certifiee
2011,F,15,0.000110,certifiee
2011,F,16,0.000190,certifiee
2011,F,17,0.000170,certifiee
2011,F,18,0.000220,certifiee
2011,F,19,0.000220,certifiee
2011,F,2,0.000160,certifiee
2011,F,20,0.000260,certifiee
2011,F,21,0.000230,certifiee
2011,F,22,0.000270,certifiee
2011,F,23,0.000220,certifiee
2011,F,24,0.000220,certifiee
2011,F,25,0.000260,certifiee
2011,F,26,0.000260,certifiee
2011,F,27,0.000290,certifiee
2011,F,28,0.000340,certifiee
2011,F,29,0.000240,certifiee
2011,F,3,0.000100,certifiee
2011,F,30,0.000360,certifiee
2011,F,31,0.000350,certifiee
2011,F,32,0.000360,certifiee
2011,F,33,0.000390,certifiee
2011,F,34,0.000460,certifiee
2011,F,35,0.000480,certifiee
2011,F,36,0.000530,certifiee
2011,F,37,0.000630,certifiee
2011,F,38,0.000710,certifiee
2011,F,39,0.000710,certifiee
2011,F,4,0.000080,certifiee
2011,F,40,0.000850,certifiee
2011,F,41,0.000860,certifiee
2011,F,42,0.001040,certifiee
2011,F,43,0.001170,certifiee
2011,F,44,0.001230,certifiee
2011,F,45,0.001430,certifiee
2011,F,46,0.001540,certifiee
2011,F,47,0.001670,certifiee
2011,F,48,0.001810,certifiee
2011,F,49,0.002070,certifiee
2011,F,5,0.000110,certifiee
2011,F,50,0.002240,certifiee
2011,F,51,0.002470,certifiee
2011,F,52,0.002660,certifiee
2011,F,53,0.002740,certifiee
2011,F,54,0.003130,certifiee
2011,F,55,0.003430,certifiee
2011,F,56,0.003470,certifiee
2011,F,57,0.003550,certifiee
2011,F,58,0.003870,certifiee
2011,F,59,0.004100,certifiee
2011,F,6,0.000080,certifiee
2011,F,60,0.004490,certifiee
2011,F,61,0.004670,certifiee
2011,F,62,0.004890,certifiee
2011,F,63,0.005380,certifiee
2011,F,64,0.005680,certifiee
2011,F,65,0.005980,certifiee
2011,F,66,0.006450,certifiee
2011,F,67,0.007010,certifiee
2011,F,68,0.007670,certifiee
2011,F,69,0.008170,certifiee
2011,F,7,0.000070,certifiee
2011,F,70,0.008360,certifiee
2011,F,71,0.009760,certifiee
2011,F,72,0.010710,certifiee
2011,F,73,0.012460,certifiee
2011,F,74,0.012700,certifiee
2011,F,75,0.014680,certifiee
2011,F,76,0.016790,certifiee
2011,F,77,0.018930,certifiee
2011,F,78,0.021220,certifiee
2011,F,79,0.024650,certifiee
2011,F,8,0.000050,certifiee
2011,F,80,0.028350,certifiee
2011,F,81,0.032550,certifiee
2011,F,82,0.037530,certifiee
2011,F,83,0.043670,certifiee
2011,F,84,0.049440,certifiee
2011,F,9,0.000060,certifiee
2011,H,0,0.003800,certifiee
2011,H,1,0.000300,certifiee
2011,H,10,0.000080,certifiee
2011,H,11,0.000080,certifiee
2011,H,12,0.000100,certifiee
2011,H,13,0.000120,certifiee
2011,H,14,0.000200,certifiee
2011,H,15,0.000220,certifiee
2011,H,16,0.000300,certifiee
2011,H,17,0.000380,certifiee
2011,H,18,0.000530,certifiee
2011,H,19,0.000650,certifiee
2011,H,2,0.000190,certifiee
2011,H,20,0.000680,certifiee
2011,H,21,0.000760,certifiee
2011,H,22,0.000700,certifiee
2011,H,23,0.000740,certifiee
2011,H,24,0.000820,certifiee
2011,H,25,0.000820,certifiee
2011,H,26,0.000860,certifiee
2011,H,27,0.000850,certifiee
2011,H,28,0.000920,certifiee
2011,H,29,0.000880,certifiee
2011,H,3,0.000130,certifiee
2011,H,30,0.000900,certifiee
2011,H,31,0.000910,certifiee
2011,H,32,0.000930,certifiee
2011,H,33,0.000980,certifiee
2011,H,34,0.001020,certifiee
2011,H,35,0.001160,certifiee
2011,H,36,0.001220,certifiee
2011,H,37,0.001380,certifiee
2011,H,38,0.001460,certifiee
2011,H,39,0.001560,certifiee
2011,H,4,0.000110,certifiee
2011,H,40,0.001670,certifiee
2011,H,41,0.001850,certifiee
2011,H,42,0.002220,certifiee
2011,H,43,0.002200,certifiee
2011,H,44,0.002500,certifiee
2011,H,45,0.002670,certifiee
2011,H,46,0.003000,certifiee
2011,H,47,0.003250,certifiee
2011,H,48,0.003680,certifiee
2011,H,49,0.004130,certifiee
2011,H,5,0.000100,certifiee
2011,H,50,0.004420,certifiee
2011,H,51,0.005250,certifiee
2011,H,52,0.005720,certifiee
2011,H,53,0.006080,certifiee
2011,H,54,0.006770,certifiee
2011,H,55,0.007400,certifiee
2011,H,56,0.007880,certifiee
2011,H,57,0.008290,certifiee
2011,H,58,0.009040,certifiee
2011,H,59,0.009770,certifiee
2011,H,6,0.000110,certifiee
2011,H,60,0.010050,certifiee
2011,H,61,0.010690,certifiee
2011,H,62,0.011410,certifiee
2011,H,63,0.011760,certifiee
2011,H,64,0.012950,certifiee
2011,H,65,0.014020,certifiee
2011,H,66,0.014100,certifiee
2011,H,67,0.015790,certifiee
2011,H,68,0.016490,certifiee
2011,H,69,0.017670,certifiee
2011,H,7,0.000090,certifiee
2011,H,70,0.018640,certifiee
2011,H,71,0.021260,certifiee
2011,H,72,0.022890,certifiee
2011,H,73,0.024660,certifiee
2011,H,74,0.027070,certifiee
2011,H,75,0.030350,certifiee
2011,H,76,0.032170,certifiee
2011,H,77,0.036920,certifiee
2011,H,78,0.041250,certifiee
2011,H,79,0.046390,certifiee
2011,H,8,0.000090,certifiee
2011,H,80,0.050870,certifiee
2011,H,81,0.056370,certifiee
2011,H,82,0.064810,certifiee
2011,H,83,0.073050,certifiee
2011,H,84,0.080440,certifiee
2011,H,9,0.000100,certifiee
2012,F,0,0.003310,certifiee
2012,F,1,0.000240,certifiee
2012,F,10,0.000060,certifiee
2012,F,11,0.000080,certifiee
2012,F,12,0.000070,certifiee
2012,F,13,0.000110,certifiee
2012,F,14,0.000120,certifiee
2012,F,15,0.000130,certifiee
2012,F,16,0.000110,certifiee
2012,F,17,0.000140,certifiee
2012,F,18,0.000220,certifiee
2012,F,19,0.000250,certifiee
2012,F,2,0.000140,certifiee
2012,F,20,0.000270,certifiee
2012,F,21,0.000220,certifiee
2012,F,22,0.000250,certifiee
2012,F,23,0.000240,certifiee
2012,F,24,0.000210,certifiee
2012,F,25,0.000250,certifiee
2012,F,26,0.000290,certifiee
2012,F,27,0.000270,certifiee
2012,F,28,0.000280,certifiee
2012,F,29,0.000330,certifiee
2012,F,3,0.000140,certifiee
2012,F,30,0.000330,certifiee
2012,F,31,0.000310,certifiee
2012,F,32,0.000390,certifiee
2012,F,33,0.000420,certifiee
2012,F,34,0.000380,certifiee
2012,F,35,0.000450,certifiee
2012,F,36,0.000500,certifiee
2012,F,37,0.000620,certifiee
2012,F,38,0.000700,certifiee
2012,F,39,0.000730,certifiee
2012,F,4,0.000090,certifiee
2012,F,40,0.000750,certifiee
2012,F,41,0.000900,certifiee
2012,F,42,0.000960,certifiee
2012,F,43,0.001100,certifiee
2012,F,44,0.001240,certifiee
2012,F,45,0.001340,certifiee
2012,F,46,0.001550,certifiee
2012,F,47,0.001680,certifiee
2012,F,48,0.001900,certifiee
2012,F,49,0.001920,certifiee
2012,F,5,0.000060,certifiee
2012,F,50,0.002110,certifiee
2012,F,51,0.002400,certifiee
2012,F,52,0.002620,certifiee
2012,F,53,0.002920,certifiee
2012,F,54,0.002900,certifiee
2012,F,55,0.003190,certifiee
2012,F,56,0.003430,certifiee
2012,F,57,0.003770,certifiee
2012,F,58,0.003930,certifiee
2012,F,59,0.004080,certifiee
2012,F,6,0.000100,certifiee
2012,F,60,0.004300,certifiee
2012,F,61,0.004740,certifiee
2012,F,62,0.004990,certifiee
2012,F,63,0.005240,certifiee
2012,F,64,0.005600,certifiee
2012,F,65,0.006220,certifiee
2012,F,66,0.006220,certifiee
2012,F,67,0.007080,certifiee
2012,F,68,0.007760,certifiee
2012,F,69,0.008210,certifiee
2012,F,7,0.000060,certifiee
2012,F,70,0.009260,certifiee
2012,F,71,0.009400,certifiee
2012,F,72,0.010670,certifiee
2012,F,73,0.012130,certifiee
2012,F,74,0.013060,certifiee
2012,F,75,0.014850,certifiee
2012,F,76,0.017270,certifiee
2012,F,77,0.018880,certifiee
2012,F,78,0.021700,certifiee
2012,F,79,0.025450,certifiee
2012,F,8,0.000060,certifiee
2012,F,80,0.028900,certifiee
2012,F,81,0.033200,certifiee
2012,F,82,0.038290,certifiee
2012,F,83,0.045220,certifiee
2012,F,84,0.051510,certifiee
2012,F,9,0.000070,certifiee
2012,H,0,0.004060,certifiee
2012,H,1,0.000340,certifiee
2012,H,10,0.000080,certifiee
2012,H,11,0.000080,certifiee
2012,H,12,0.000110,certifiee
2012,H,13,0.000080,certifiee
2012,H,14,0.000170,certifiee
2012,H,15,0.000180,certifiee
2012,H,16,0.000250,certifiee
2012,H,17,0.000380,certifiee
2012,H,18,0.000530,certifiee
2012,H,19,0.000630,certifiee
2012,H,2,0.000200,certifiee
2012,H,20,0.000640,certifiee
2012,H,21,0.000690,certifiee
2012,H,22,0.000710,certifiee
2012,H,23,0.000660,certifiee
2012,H,24,0.000720,certifiee
2012,H,25,0.000790,certifiee
2012,H,26,0.000790,certifiee
2012,H,27,0.000800,certifiee
2012,H,28,0.000850,certifiee
2012,H,29,0.000770,certifiee
2012,H,3,0.000140,certifiee
2012,H,30,0.000820,certifiee
2012,H,31,0.000870,certifiee
2012,H,32,0.000920,certifiee
2012,H,33,0.000920,certifiee
2012,H,34,0.000970,certifiee
2012,H,35,0.000950,certifiee
2012,H,36,0.001050,certifiee
2012,H,37,0.001210,certifiee
2012,H,38,0.001320,certifiee
2012,H,39,0.001550,certifiee
2012,H,4,0.000130,certifiee
2012,H,40,0.001610,certifiee
2012,H,41,0.001890,certifiee
2012,H,42,0.002020,certifiee
2012,H,43,0.002100,certifiee
2012,H,44,0.002390,certifiee
2012,H,45,0.002660,certifiee
2012,H,46,0.002870,certifiee
2012,H,47,0.003210,certifiee
2012,H,48,0.003530,certifiee
2012,H,49,0.003990,certifiee
2012,H,5,0.000110,certifiee
2012,H,50,0.004500,certifiee
2012,H,51,0.004860,certifiee
2012,H,52,0.005190,certifiee
2012,H,53,0.005930,certifiee
2012,H,54,0.006560,certifiee
2012,H,55,0.007310,certifiee
2012,H,56,0.007740,certifiee
2012,H,57,0.008400,certifiee
2012,H,58,0.008980,certifiee
2012,H,59,0.009740,certifiee
2012,H,6,0.000080,certifiee
2012,H,60,0.010490,certifiee
2012,H,61,0.010920,certifiee
2012,H,62,0.011430,certifiee
2012,H,63,0.012310,certifiee
2012,H,64,0.012810,certifiee
2012,H,65,0.013910,certifiee
2012,H,66,0.014000,certifiee
2012,H,67,0.016090,certifiee
2012,H,68,0.017040,certifiee
2012,H,69,0.017990,certifiee
2012,H,7,0.000080,certifiee
2012,H,70,0.019620,certifiee
2012,H,71,0.019900,certifiee
2012,H,72,0.022810,certifiee
2012,H,73,0.025270,certifiee
2012,H,74,0.026280,certifiee
2012,H,75,0.029160,certifiee
2012,H,76,0.032480,certifiee
2012,H,77,0.036690,certifiee
2012,H,78,0.040370,certifiee
2012,H,79,0.046660,certifiee
2012,H,8,0.000080,certifiee
2012,H,80,0.050260,certifiee
2012,H,81,0.056990,certifiee
2012,H,82,0.063990,certifiee
2012,H,83,0.073880,certifiee
2012,H,84,0.082020,certifiee
2012,H,9,0.000070,certifiee
2013,F,0,0.003430,certifiee
2013,F,1,0.000240,certifiee
2013,F,10,0.000070,certifiee
2013,F,11,0.000070,certifiee
2013,F,12,0.000060,certifiee
2013,F,13,0.000090,certifiee
2013,F,14,0.000130,certifiee
2013,F,15,0.000090,certifiee
2013,F,16,0.000140,certifiee
2013,F,17,0.000170,certifiee
2013,F,18,0.000140,certifiee
2013,F,19,0.000220,certifiee
2013,F,2,0.000180,certifiee
2013,F,20,0.000230,certifiee
2013,F,21,0.000180,certifiee
2013,F,22,0.000210,certifiee
2013,F,23,0.000200,certifiee
2013,F,24,0.000240,certifiee
2013,F,25,0.000220,certifiee
2013,F,26,0.000250,certifiee
2013,F,27,0.000220,certifiee
2013,F,28,0.000290,certifiee
2013,F,29,0.000300,certifiee
2013,F,3,0.000120,certifiee
2013,F,30,0.000300,certifiee
2013,F,31,0.000360,certifiee
2013,F,32,0.000350,certifiee
2013,F,33,0.000380,certifiee
2013,F,34,0.000440,certifiee
2013,F,35,0.000400,certifiee
2013,F,36,0.000570,certifiee
2013,F,37,0.000610,certifiee
2013,F,38,0.000660,certifiee
2013,F,39,0.000680,certifiee
2013,F,4,0.000110,certifiee
2013,F,40,0.000800,certifiee
2013,F,41,0.000820,certifiee
2013,F,42,0.000980,certifiee
2013,F,43,0.001090,certifiee
2013,F,44,0.001210,certifiee
2013,F,45,0.001250,certifiee
2013,F,46,0.001570,certifiee
2013,F,47,0.001610,certifiee
2013,F,48,0.001800,certifiee
2013,F,49,0.001920,certifiee
2013,F,5,0.000130,certifiee
2013,F,50,0.002200,certifiee
2013,F,51,0.002390,certifiee
2013,F,52,0.002390,certifiee
2013,F,53,0.002590,certifiee
2013,F,54,0.003000,certifiee
2013,F,55,0.003160,certifiee
2013,F,56,0.003420,certifiee
2013,F,57,0.003670,certifiee
2013,F,58,0.003900,certifiee
2013,F,59,0.004110,certifiee
2013,F,6,0.000070,certifiee
2013,F,60,0.004450,certifiee
2013,F,61,0.004810,certifiee
2013,F,62,0.005090,certifiee
2013,F,63,0.005100,certifiee
2013,F,64,0.005590,certifiee
2013,F,65,0.005950,certifiee
2013,F,66,0.006370,certifiee
2013,F,67,0.006670,certifiee
2013,F,68,0.007490,certifiee
2013,F,69,0.008630,certifiee
2013,F,7,0.000090,certifiee
2013,F,70,0.008950,certifiee
2013,F,71,0.009940,certifiee
2013,F,72,0.010720,certifiee
2013,F,73,0.012450,certifiee
2013,F,74,0.013120,certifiee
2013,F,75,0.015040,certifiee
2013,F,76,0.016160,certifiee
2013,F,77,0.018500,certifiee
2013,F,78,0.020320,certifiee
2013,F,79,0.023940,certifiee
2013,F,8,0.000070,certifiee
2013,F,80,0.028300,certifiee
2013,F,81,0.031670,certifiee
2013,F,82,0.036970,certifiee
2013,F,83,0.042030,certifiee
2013,F,84,0.049380,certifiee
2013,F,9,0.000060,certifiee
2013,H,0,0.004070,certifiee
2013,H,1,0.000280,certifiee
2013,H,10,0.000080,certifiee
2013,H,11,0.000090,certifiee
2013,H,12,0.000080,certifiee
2013,H,13,0.000100,certifiee
2013,H,14,0.000170,certifiee
2013,H,15,0.000170,certifiee
2013,H,16,0.000240,certifiee
2013,H,17,0.000320,certifiee
2013,H,18,0.000460,certifiee
2013,H,19,0.000540,certifiee
2013,H,2,0.000190,certifiee
2013,H,20,0.000610,certifiee
2013,H,21,0.000610,certifiee
2013,H,22,0.000690,certifiee
2013,H,23,0.000680,certifiee
2013,H,24,0.000700,certifiee
2013,H,25,0.000760,certifiee
2013,H,26,0.000800,certifiee
2013,H,27,0.000690,certifiee
2013,H,28,0.000800,certifiee
2013,H,29,0.000740,certifiee
2013,H,3,0.000160,certifiee
2013,H,30,0.000840,certifiee
2013,H,31,0.000810,certifiee
2013,H,32,0.000880,certifiee
2013,H,33,0.000950,certifiee
2013,H,34,0.001020,certifiee
2013,H,35,0.001080,certifiee
2013,H,36,0.001180,certifiee
2013,H,37,0.001230,certifiee
2013,H,38,0.001330,certifiee
2013,H,39,0.001360,certifiee
2013,H,4,0.000120,certifiee
2013,H,40,0.001680,certifiee
2013,H,41,0.001770,certifiee
2013,H,42,0.001960,certifiee
2013,H,43,0.002060,certifiee
2013,H,44,0.002230,certifiee
2013,H,45,0.002550,certifiee
2013,H,46,0.002850,certifiee
2013,H,47,0.003190,certifiee
2013,H,48,0.003490,certifiee
2013,H,49,0.003830,certifiee
2013,H,5,0.000130,certifiee
2013,H,50,0.004210,certifiee
2013,H,51,0.004610,certifiee
2013,H,52,0.005060,certifiee
2013,H,53,0.005510,certifiee
2013,H,54,0.006360,certifiee
2013,H,55,0.006760,certifiee
2013,H,56,0.007370,certifiee
2013,H,57,0.008240,certifiee
2013,H,58,0.008680,certifiee
2013,H,59,0.009600,certifiee
2013,H,6,0.000100,certifiee
2013,H,60,0.010110,certifiee
2013,H,61,0.010930,certifiee
2013,H,62,0.011280,certifiee
2013,H,63,0.012300,certifiee
2013,H,64,0.012770,certifiee
2013,H,65,0.013890,certifiee
2013,H,66,0.014550,certifiee
2013,H,67,0.015470,certifiee
2013,H,68,0.016710,certifiee
2013,H,69,0.018100,certifiee
2013,H,7,0.000090,certifiee
2013,H,70,0.019310,certifiee
2013,H,71,0.020450,certifiee
2013,H,72,0.021230,certifiee
2013,H,73,0.024720,certifiee
2013,H,74,0.026460,certifiee
2013,H,75,0.028770,certifiee
2013,H,76,0.032180,certifiee
2013,H,77,0.034710,certifiee
2013,H,78,0.039200,certifiee
2013,H,79,0.043920,certifiee
2013,H,8,0.000090,certifiee
2013,H,80,0.048840,certifiee
2013,H,81,0.055820,certifiee
2013,H,82,0.062940,certifiee
2013,H,83,0.070100,certifiee
2013,H,84,0.078890,certifiee
2013,H,9,0.000090,certifiee
2014,F,0,0.003390,certifiee
2014,F,1,0.000280,certifiee
2014,F,10,0.000070,certifiee
2014,F,11,0.000070,certifiee
2014,F,12,0.000060,certifiee
2014,F,13,0.000090,certifiee
2014,F,14,0.000080,certifiee
2014,F,15,0.000120,certifiee
2014,F,16,0.000120,certifiee
2014,F,17,0.000150,certifiee
2014,F,18,0.000180,certifiee
2014,F,19,0.000170,certifiee
2014,F,2,0.000180,certifiee
2014,F,20,0.000220,certifiee
2014,F,21,0.000180,certifiee
2014,F,22,0.000180,certifiee
2014,F,23,0.000190,certifiee
2014,F,24,0.000210,certifiee
2014,F,25,0.000230,certifiee
2014,F,26,0.000300,certifiee
2014,F,27,0.000270,certifiee
2014,F,28,0.000280,certifiee
2014,F,29,0.000300,certifiee
2014,F,3,0.000100,certifiee
2014,F,30,0.000300,certifiee
2014,F,31,0.000310,certifiee
2014,F,32,0.000350,certifiee
2014,F,33,0.000390,certifiee
2014,F,34,0.000380,certifiee
2014,F,35,0.000450,certifiee
2014,F,36,0.000530,certifiee
2014,F,37,0.000620,certifiee
2014,F,38,0.000640,certifiee
2014,F,39,0.000730,certifiee
2014,F,4,0.000070,certifiee
2014,F,40,0.000730,certifiee
2014,F,41,0.000940,certifiee
2014,F,42,0.000880,certifiee
2014,F,43,0.001100,certifiee
2014,F,44,0.001220,certifiee
2014,F,45,0.001320,certifiee
2014,F,46,0.001410,certifiee
2014,F,47,0.001570,certifiee
2014,F,48,0.001810,certifiee
2014,F,49,0.001860,certifiee
2014,F,5,0.000070,certifiee
2014,F,50,0.002130,certifiee
2014,F,51,0.002230,certifiee
2014,F,52,0.002490,certifiee
2014,F,53,0.002500,certifiee
2014,F,54,0.002960,certifiee
2014,F,55,0.003130,certifiee
2014,F,56,0.003260,certifiee
2014,F,57,0.003490,certifiee
2014,F,58,0.003750,certifiee
2014,F,59,0.004120,certifiee
2014,F,6,0.000070,certifiee
2014,F,60,0.004210,certifiee
2014,F,61,0.004690,certifiee
2014,F,62,0.004910,certifiee
2014,F,63,0.005240,certifiee
2014,F,64,0.005630,certifiee
2014,F,65,0.005990,certifiee
2014,F,66,0.006240,certifiee
2014,F,67,0.006560,certifiee
2014,F,68,0.007730,certifiee
2014,F,69,0.007800,certifiee
2014,F,7,0.000070,certifiee
2014,F,70,0.008790,certifiee
2014,F,71,0.009490,certifiee
2014,F,72,0.010700,certifiee
2014,F,73,0.010950,certifiee
2014,F,74,0.012910,certifiee
2014,F,75,0.013980,certifiee
2014,F,76,0.016440,certifiee
2014,F,77,0.017740,certifiee
2014,F,78,0.019970,certifiee
2014,F,79,0.022900,certifiee
2014,F,8,0.000080,certifiee
2014,F,80,0.026410,certifiee
2014,F,81,0.030670,certifiee
2014,F,82,0.034690,certifiee
2014,F,83,0.041010,certifiee
2014,F,84,0.047010,certifiee
2014,F,85,0.054790,certifiee
2014,F,86,0.063550,certifiee
2014,F,87,0.073580,certifiee
2014,F,88,0.083710,certifiee
2014,F,89,0.094490,certifiee
2014,F,9,0.000070,certifiee
2014,F,90,0.109680,certifiee
2014,F,91,0.125350,certifiee
2014,F,92,0.143050,certifiee
2014,F,93,0.159130,certifiee
2014,F,94,0.187210,certifiee
2014,H,0,0.003990,certifiee
2014,H,1,0.000320,certifiee
2014,H,10,0.000060,certifiee
2014,H,11,0.000080,certifiee
2014,H,12,0.000110,certifiee
2014,H,13,0.000100,certifiee
2014,H,14,0.000140,certifiee
2014,H,15,0.000180,certifiee
2014,H,16,0.000230,certifiee
2014,H,17,0.000320,certifiee
2014,H,18,0.000400,certifiee
2014,H,19,0.000510,certifiee
2014,H,2,0.000170,certifiee
2014,H,20,0.000590,certifiee
2014,H,21,0.000530,certifiee
2014,H,22,0.000640,certifiee
2014,H,23,0.000620,certifiee
2014,H,24,0.000640,certifiee
2014,H,25,0.000730,certifiee
2014,H,26,0.000710,certifiee
2014,H,27,0.000730,certifiee
2014,H,28,0.000780,certifiee
2014,H,29,0.000870,certifiee
2014,H,3,0.000150,certifiee
2014,H,30,0.000910,certifiee
2014,H,31,0.000750,certifiee
2014,H,32,0.001000,certifiee
2014,H,33,0.000880,certifiee
2014,H,34,0.001010,certifiee
2014,H,35,0.000930,certifiee
2014,H,36,0.001020,certifiee
2014,H,37,0.001190,certifiee
2014,H,38,0.001300,certifiee
2014,H,39,0.001550,certifiee
2014,H,4,0.000130,certifiee
2014,H,40,0.001480,certifiee
2014,H,41,0.001510,certifiee
2014,H,42,0.001730,certifiee
2014,H,43,0.001900,certifiee
2014,H,44,0.002210,certifiee
2014,H,45,0.002480,certifiee
2014,H,46,0.002780,certifiee
2014,H,47,0.002990,certifiee
2014,H,48,0.003310,certifiee
2014,H,49,0.003640,certifiee
2014,H,5,0.000100,certifiee
2014,H,50,0.003840,certifiee
2014,H,51,0.004260,certifiee
2014,H,52,0.005000,certifiee
2014,H,53,0.005250,certifiee
2014,H,54,0.006010,certifiee
2014,H,55,0.006530,certifiee
2014,H,56,0.007210,certifiee
2014,H,57,0.007710,certifiee
2014,H,58,0.008360,certifiee
2014,H,59,0.009020,certifiee
2014,H,6,0.000110,certifiee
2014,H,60,0.009760,certifiee
2014,H,61,0.010550,certifiee
2014,H,62,0.011430,certifiee
2014,H,63,0.011880,certifiee
2014,H,64,0.012640,certifiee
2014,H,65,0.013110,certifiee
2014,H,66,0.014080,certifiee
2014,H,67,0.014950,certifiee
2014,H,68,0.016270,certifiee
2014,H,69,0.017660,certifiee
2014,H,7,0.000100,certifiee
2014,H,70,0.018820,certifiee
2014,H,71,0.019710,certifiee
2014,H,72,0.021840,certifiee
2014,H,73,0.022470,certifiee
2014,H,74,0.025670,certifiee
2014,H,75,0.027930,certifiee
2014,H,76,0.029870,certifiee
2014,H,77,0.033630,certifiee
2014,H,78,0.036860,certifiee
2014,H,79,0.041580,certifiee
2014,H,8,0.000080,certifiee
2014,H,80,0.046850,certifiee
2014,H,81,0.052820,certifiee
2014,H,82,0.059910,certifiee
2014,H,83,0.066750,certifiee
2014,H,84,0.075910,certifiee
2014,H,85,0.086920,certifiee
2014,H,86,0.095520,certifiee
2014,H,87,0.110130,certifiee
2014,H,88,0.122790,certifiee
2014,H,89,0.137420,certifiee
2014,H,9,0.000090,certifiee
2014,H,90,0.149090,certifiee
2014,H,91,0.167720,certifiee
2014,H,92,0.188210,certifiee
2014,H,93,0.207040,certifiee
2014,H,94,0.237850,certifiee
2015,F,0,0.003460,certifiee
2015,F,1,0.000260,certifiee
2015,F,10,0.000070,certifiee
2015,F,11,0.000060,certifiee
2015,F,12,0.000080,certifiee
2015,F,13,0.000080,certifiee
2015,F,14,0.000100,certifiee
2015,F,15,0.000150,certifiee
2015,F,16,0.000160,certifiee
2015,F,17,0.000130,certifiee
2015,F,18,0.000230,certifiee
2015,F,19,0.000190,certifiee
2015,F,2,0.000130,certifiee
2015,F,20,0.000230,certifiee
2015,F,21,0.000230,certifiee
2015,F,22,0.000190,certifiee
2015,F,23,0.000230,certifiee
2015,F,24,0.000230,certifiee
2015,F,25,0.000240,certifiee
2015,F,26,0.000210,certifiee
2015,F,27,0.000250,certifiee
2015,F,28,0.000250,certifiee
2015,F,29,0.000310,certifiee
2015,F,3,0.000140,certifiee
2015,F,30,0.000270,certifiee
2015,F,31,0.000380,certifiee
2015,F,32,0.000350,certifiee
2015,F,33,0.000380,certifiee
2015,F,34,0.000380,certifiee
2015,F,35,0.000400,certifiee
2015,F,36,0.000540,certifiee
2015,F,37,0.000560,certifiee
2015,F,38,0.000630,certifiee
2015,F,39,0.000660,certifiee
2015,F,4,0.000080,certifiee
2015,F,40,0.000740,certifiee
2015,F,41,0.000810,certifiee
2015,F,42,0.000880,certifiee
2015,F,43,0.001100,certifiee
2015,F,44,0.001120,certifiee
2015,F,45,0.001260,certifiee
2015,F,46,0.001400,certifiee
2015,F,47,0.001610,certifiee
2015,F,48,0.001790,certifiee
2015,F,49,0.001750,certifiee
2015,F,5,0.000080,certifiee
2015,F,50,0.002170,certifiee
2015,F,51,0.002340,certifiee
2015,F,52,0.002320,certifiee
2015,F,53,0.002680,certifiee
2015,F,54,0.002950,certifiee
2015,F,55,0.003120,certifiee
2015,F,56,0.003370,certifiee
2015,F,57,0.003600,certifiee
2015,F,58,0.003750,certifiee
2015,F,59,0.004170,certifiee
2015,F,6,0.000090,certifiee
2015,F,60,0.004360,certifiee
2015,F,61,0.004580,certifiee
2015,F,62,0.004870,certifiee
2015,F,63,0.005370,certifiee
2015,F,64,0.005590,certifiee
2015,F,65,0.006170,certifiee
2015,F,66,0.006360,certifiee
2015,F,67,0.006790,certifiee
2015,F,68,0.007420,certifiee
2015,F,69,0.008220,certifiee
2015,F,7,0.000070,certifiee
2015,F,70,0.008940,certifiee
2015,F,71,0.010120,certifiee
2015,F,72,0.010770,certifiee
2015,F,73,0.012180,certifiee
2015,F,74,0.012300,certifiee
2015,F,75,0.015260,certifiee
2015,F,76,0.016840,certifiee
2015,F,77,0.018260,certifiee
2015,F,78,0.020330,certifiee
2015,F,79,0.023250,certifiee
2015,F,8,0.000070,certifiee
2015,F,80,0.027110,certifiee
2015,F,81,0.032080,certifiee
2015,F,82,0.035940,certifiee
2015,F,83,0.041630,certifiee
2015,F,84,0.048900,certifiee
2015,F,85,0.055740,certifiee
2015,F,86,0.066190,certifiee
2015,F,87,0.076700,certifiee
2015,F,88,0.087440,certifiee
2015,F,89,0.101460,certifiee
2015,F,9,0.000080,certifiee
2015,F,90,0.117430,certifiee
2015,F,91,0.132090,certifiee
2015,F,92,0.146700,certifiee
2015,F,93,0.171040,certifiee
2015,F,94,0.191440,certifiee
2015,H,0,0.004220,certifiee
2015,H,1,0.000320,certifiee
2015,H,10,0.000050,certifiee
2015,H,11,0.000090,certifiee
2015,H,12,0.000100,certifiee
2015,H,13,0.000150,certifiee
2015,H,14,0.000160,certifiee
2015,H,15,0.000230,certifiee
2015,H,16,0.000310,certifiee
2015,H,17,0.000330,certifiee
2015,H,18,0.000440,certifiee
2015,H,19,0.000530,certifiee
2015,H,2,0.000200,certifiee
2015,H,20,0.000540,certifiee
2015,H,21,0.000660,certifiee
2015,H,22,0.000550,certifiee
2015,H,23,0.000630,certifiee
2015,H,24,0.000670,certifiee
2015,H,25,0.000650,certifiee
2015,H,26,0.000750,certifiee
2015,H,27,0.000720,certifiee
2015,H,28,0.000750,certifiee
2015,H,29,0.000850,certifiee
2015,H,3,0.000170,certifiee
2015,H,30,0.000830,certifiee
2015,H,31,0.000960,certifiee
2015,H,32,0.000820,certifiee
2015,H,33,0.000920,certifiee
2015,H,34,0.001080,certifiee
2015,H,35,0.001060,certifiee
2015,H,36,0.001130,certifiee
2015,H,37,0.001240,certifiee
2015,H,38,0.001250,certifiee
2015,H,39,0.001380,certifiee
2015,H,4,0.000120,certifiee
2015,H,40,0.001510,certifiee
2015,H,41,0.001730,certifiee
2015,H,42,0.001740,certifiee
2015,H,43,0.002110,certifiee
2015,H,44,0.002310,certifiee
2015,H,45,0.002620,certifiee
2015,H,46,0.002750,certifiee
2015,H,47,0.003160,certifiee
2015,H,48,0.003210,certifiee
2015,H,49,0.003610,certifiee
2015,H,5,0.000100,certifiee
2015,H,50,0.003930,certifiee
2015,H,51,0.004250,certifiee
2015,H,52,0.004720,certifiee
2015,H,53,0.005110,certifiee
2015,H,54,0.005910,certifiee
2015,H,55,0.006590,certifiee
2015,H,56,0.007220,certifiee
2015,H,57,0.007930,certifiee
2015,H,58,0.008530,certifiee
2015,H,59,0.009140,certifiee
2015,H,6,0.000090,certifiee
2015,H,60,0.010040,certifiee
2015,H,61,0.010570,certifiee
2015,H,62,0.011380,certifiee
2015,H,63,0.012080,certifiee
2015,H,64,0.012690,certifiee
2015,H,65,0.013570,certifiee
2015,H,66,0.014440,certifiee
2015,H,67,0.014980,certifiee
2015,H,68,0.016450,certifiee
2015,H,69,0.017160,certifiee
2015,H,7,0.000090,certifiee
2015,H,70,0.019140,certifiee
2015,H,71,0.020260,certifiee
2015,H,72,0.021910,certifiee
2015,H,73,0.023720,certifiee
2015,H,74,0.024910,certifiee
2015,H,75,0.028420,certifiee
2015,H,76,0.030740,certifiee
2015,H,77,0.034150,certifiee
2015,H,78,0.038290,certifiee
2015,H,79,0.042960,certifiee
2015,H,8,0.000110,certifiee
2015,H,80,0.048590,certifiee
2015,H,81,0.054030,certifiee
2015,H,82,0.060350,certifiee
2015,H,83,0.068900,certifiee
2015,H,84,0.078010,certifiee
2015,H,85,0.087800,certifiee
2015,H,86,0.100550,certifiee
2015,H,87,0.111750,certifiee
2015,H,88,0.127150,certifiee
2015,H,89,0.141500,certifiee
2015,H,9,0.000090,certifiee
2015,H,90,0.157590,certifiee
2015,H,91,0.176630,certifiee
2015,H,92,0.195500,certifiee
2015,H,93,0.220160,certifiee
2015,H,94,0.238640,certifiee
2016,F,0,0.003570,certifiee
2016,F,1,0.000300,certifiee
2016,F,10,0.000070,certifiee
2016,F,11,0.000090,certifiee
2016,F,12,0.000060,certifiee
2016,F,13,0.000060,certifiee
2016,F,14,0.000120,certifiee
2016,F,15,0.000130,certifiee
2016,F,16,0.000120,certifiee
2016,F,17,0.000130,certifiee
2016,F,18,0.000160,certifiee
2016,F,19,0.000210,certifiee
2016,F,2,0.000160,certifiee
2016,F,20,0.000220,certifiee
2016,F,21,0.000190,certifiee
2016,F,22,0.000240,certifiee
2016,F,23,0.000290,certifiee
2016,F,24,0.000210,certifiee
2016,F,25,0.000220,certifiee
2016,F,26,0.000250,certifiee
2016,F,27,0.000260,certifiee
2016,F,28,0.000280,certifiee
2016,F,29,0.000370,certifiee
2016,F,3,0.000110,certifiee
2016,F,30,0.000300,certifiee
2016,F,31,0.000340,certifiee
2016,F,32,0.000370,certifiee
2016,F,33,0.000410,certifiee
2016,F,34,0.000420,certifiee
2016,F,35,0.000410,certifiee
2016,F,36,0.000490,certifiee
2016,F,37,0.000520,certifiee
2016,F,38,0.000570,certifiee
2016,F,39,0.000690,certifiee
2016,F,4,0.000100,certifiee
2016,F,40,0.000710,certifiee
2016,F,41,0.000720,certifiee
2016,F,42,0.000830,certifiee
2016,F,43,0.001050,certifiee
2016,F,44,0.001120,certifiee
2016,F,45,0.001330,certifiee
2016,F,46,0.001340,certifiee
2016,F,47,0.001610,certifiee
2016,F,48,0.001700,certifiee
2016,F,49,0.001900,certifiee
2016,F,5,0.000100,certifiee
2016,F,50,0.002030,certifiee
2016,F,51,0.002060,certifiee
2016,F,52,0.002310,certifiee
2016,F,53,0.002490,certifiee
2016,F,54,0.002670,certifiee
2016,F,55,0.003010,certifiee
2016,F,56,0.003220,certifiee
2016,F,57,0.003740,certifiee
2016,F,58,0.003870,certifiee
2016,F,59,0.004210,certifiee
2016,F,6,0.000060,certifiee
2016,F,60,0.004570,certifiee
2016,F,61,0.004780,certifiee
2016,F,62,0.004990,certifiee
2016,F,63,0.005420,certifiee
2016,F,64,0.005800,certifiee
2016,F,65,0.006280,certifiee
2016,F,66,0.006630,certifiee
2016,F,67,0.006960,certifiee
2016,F,68,0.007080,certifiee
2016,F,69,0.008080,certifiee
2016,F,7,0.000060,certifiee
2016,F,70,0.008810,certifiee
2016,F,71,0.009790,certifiee
2016,F,72,0.011040,certifiee
2016,F,73,0.011680,certifiee
2016,F,74,0.013110,certifiee
2016,F,75,0.013280,certifiee
2016,F,76,0.016000,certifiee
2016,F,77,0.017930,certifiee
2016,F,78,0.020780,certifiee
2016,F,79,0.023190,certifiee
2016,F,8,0.000070,certifiee
2016,F,80,0.026650,certifiee
2016,F,81,0.030580,certifiee
2016,F,82,0.034900,certifiee
2016,F,83,0.040820,certifiee
2016,F,84,0.047210,certifiee
2016,F,85,0.055360,certifiee
2016,F,86,0.063380,certifiee
2016,F,87,0.072970,certifiee
2016,F,88,0.084420,certifiee
2016,F,89,0.098180,certifiee
2016,F,9,0.000060,certifiee
2016,F,90,0.112160,certifiee
2016,F,91,0.128240,certifiee
2016,F,92,0.143130,certifiee
2016,F,93,0.160770,certifiee
2016,F,94,0.183030,certifiee
2016,H,0,0.004230,certifiee
2016,H,1,0.000240,certifiee
2016,H,10,0.000100,certifiee
2016,H,11,0.000070,certifiee
2016,H,12,0.000070,certifiee
2016,H,13,0.000110,certifiee
2016,H,14,0.000130,certifiee
2016,H,15,0.000180,certifiee
2016,H,16,0.000190,certifiee
2016,H,17,0.000340,certifiee
2016,H,18,0.000440,certifiee
2016,H,19,0.000530,certifiee
2016,H,2,0.000210,certifiee
2016,H,20,0.000530,certifiee
2016,H,21,0.000570,certifiee
2016,H,22,0.000590,certifiee
2016,H,23,0.000620,certifiee
2016,H,24,0.000640,certifiee
2016,H,25,0.000670,certifiee
2016,H,26,0.000760,certifiee
2016,H,27,0.000740,certifiee
2016,H,28,0.000750,certifiee
2016,H,29,0.000730,certifiee
2016,H,3,0.000170,certifiee
2016,H,30,0.000730,certifiee
2016,H,31,0.000830,certifiee
2016,H,32,0.000840,certifiee
2016,H,33,0.000920,certifiee
2016,H,34,0.000990,certifiee
2016,H,35,0.001030,certifiee
2016,H,36,0.001020,certifiee
2016,H,37,0.001250,certifiee
2016,H,38,0.001270,certifiee
2016,H,39,0.001370,certifiee
2016,H,4,0.000120,certifiee
2016,H,40,0.001380,certifiee
2016,H,41,0.001630,certifiee
2016,H,42,0.001840,certifiee
2016,H,43,0.002010,certifiee
2016,H,44,0.002100,certifiee
2016,H,45,0.002340,certifiee
2016,H,46,0.002540,certifiee
2016,H,47,0.002950,certifiee
2016,H,48,0.003190,certifiee
2016,H,49,0.003560,certifiee
2016,H,5,0.000110,certifiee
2016,H,50,0.003910,certifiee
2016,H,51,0.004220,certifiee
2016,H,52,0.004410,certifiee
2016,H,53,0.005090,certifiee
2016,H,54,0.005690,certifiee
2016,H,55,0.006200,certifiee
2016,H,56,0.007080,certifiee
2016,H,57,0.007710,certifiee
2016,H,58,0.008280,certifiee
2016,H,59,0.008980,certifiee
2016,H,6,0.000110,certifiee
2016,H,60,0.009880,certifiee
2016,H,61,0.010620,certifiee
2016,H,62,0.011570,certifiee
2016,H,63,0.012290,certifiee
2016,H,64,0.012610,certifiee
2016,H,65,0.013470,certifiee
2016,H,66,0.014280,certifiee
2016,H,67,0.014970,certifiee
2016,H,68,0.016010,certifiee
2016,H,69,0.017560,certifiee
2016,H,7,0.000080,certifiee
2016,H,70,0.019040,certifiee
2016,H,71,0.019930,certifiee
2016,H,72,0.021530,certifiee
2016,H,73,0.023570,certifiee
2016,H,74,0.025510,certifiee
2016,H,75,0.026550,certifiee
2016,H,76,0.030370,certifiee
2016,H,77,0.033250,certifiee
2016,H,78,0.037300,certifiee
2016,H,79,0.041320,certifiee
2016,H,8,0.000060,certifiee
2016,H,80,0.045500,certifiee
2016,H,81,0.052560,certifiee
2016,H,82,0.058190,certifiee
2016,H,83,0.065840,certifiee
2016,H,84,0.075650,certifiee
2016,H,85,0.084860,certifiee
2016,H,86,0.095250,certifiee
2016,H,87,0.110760,certifiee
2016,H,88,0.123590,certifiee
2016,H,89,0.138730,certifiee
2016,H,9,0.000070,certifiee
2016,H,90,0.155980,certifiee
2016,H,91,0.164270,certifiee
2016,H,92,0.192800,certifiee
2016,H,93,0.216160,certifiee
2016,H,94,0.236080,certifiee
2017,F,0,0.003750,certifiee
2017,F,1,0.000290,certifiee
2017,F,10,0.000060,certifiee
2017,F,11,0.000090,certifiee
2017,F,12,0.000070,certifiee
2017,F,13,0.000080,certifiee
2017,F,14,0.000080,certifiee
2017,F,15,0.000100,certifiee
2017,F,16,0.000130,certifiee
2017,F,17,0.000130,certifiee
2017,F,18,0.000210,certifiee
2017,F,19,0.000190,certifiee
2017,F,2,0.000120,certifiee
2017,F,20,0.000210,certifiee
2017,F,21,0.000230,certifiee
2017,F,22,0.000210,certifiee
2017,F,23,0.000200,certifiee
2017,F,24,0.000200,certifiee
2017,F,25,0.000270,certifiee
2017,F,26,0.000200,certifiee
2017,F,27,0.000230,certifiee
2017,F,28,0.000250,certifiee
2017,F,29,0.000330,certifiee
2017,F,3,0.000130,certifiee
2017,F,30,0.000280,certifiee
2017,F,31,0.000340,certifiee
2017,F,32,0.000300,certifiee
2017,F,33,0.000350,certifiee
2017,F,34,0.000420,certifiee
2017,F,35,0.000470,certifiee
2017,F,36,0.000450,certifiee
2017,F,37,0.000580,certifiee
2017,F,38,0.000650,certifiee
2017,F,39,0.000640,certifiee
2017,F,4,0.000090,certifiee
2017,F,40,0.000690,certifiee
2017,F,41,0.000770,certifiee
2017,F,42,0.000900,certifiee
2017,F,43,0.000990,certifiee
2017,F,44,0.001040,certifiee
2017,F,45,0.001240,certifiee
2017,F,46,0.001350,certifiee
2017,F,47,0.001530,certifiee
2017,F,48,0.001700,certifiee
2017,F,49,0.001760,certifiee
2017,F,5,0.000070,certifiee
2017,F,50,0.002010,certifiee
2017,F,51,0.002260,certifiee
2017,F,52,0.002400,certifiee
2017,F,53,0.002530,certifiee
2017,F,54,0.002840,certifiee
2017,F,55,0.003080,certifiee
2017,F,56,0.003340,certifiee
2017,F,57,0.003660,certifiee
2017,F,58,0.003800,certifiee
2017,F,59,0.004200,certifiee
2017,F,6,0.000060,certifiee
2017,F,60,0.004580,certifiee
2017,F,61,0.004790,certifiee
2017,F,62,0.005190,certifiee
2017,F,63,0.005390,certifiee
2017,F,64,0.005800,certifiee
2017,F,65,0.006120,certifiee
2017,F,66,0.006600,certifiee
2017,F,67,0.006970,certifiee
2017,F,68,0.007570,certifiee
2017,F,69,0.008230,certifiee
2017,F,7,0.000060,certifiee
2017,F,70,0.009070,certifiee
2017,F,71,0.009600,certifiee
2017,F,72,0.010960,certifiee
2017,F,73,0.011880,certifiee
2017,F,74,0.012840,certifiee
2017,F,75,0.014410,certifiee
2017,F,76,0.015210,certifiee
2017,F,77,0.018670,certifiee
2017,F,78,0.020240,certifiee
2017,F,79,0.022630,certifiee
2017,F,8,0.000040,certifiee
2017,F,80,0.026250,certifiee
2017,F,81,0.030070,certifiee
2017,F,82,0.034960,certifiee
2017,F,83,0.039880,certifiee
2017,F,84,0.046190,certifiee
2017,F,85,0.053650,certifiee
2017,F,86,0.063440,certifiee
2017,F,87,0.073400,certifiee
2017,F,88,0.084720,certifiee
2017,F,89,0.098330,certifiee
2017,F,9,0.000060,certifiee
2017,F,90,0.113580,certifiee
2017,F,91,0.127940,certifiee
2017,F,92,0.145890,certifiee
2017,F,93,0.164150,certifiee
2017,F,94,0.184230,certifiee
2017,H,0,0.004320,certifiee
2017,H,1,0.000310,certifiee
2017,H,10,0.000080,certifiee
2017,H,11,0.000090,certifiee
2017,H,12,0.000090,certifiee
2017,H,13,0.000080,certifiee
2017,H,14,0.000150,certifiee
2017,H,15,0.000180,certifiee
2017,H,16,0.000250,certifiee
2017,H,17,0.000310,certifiee
2017,H,18,0.000380,certifiee
2017,H,19,0.000430,certifiee
2017,H,2,0.000180,certifiee
2017,H,20,0.000590,certifiee
2017,H,21,0.000610,certifiee
2017,H,22,0.000630,certifiee
2017,H,23,0.000630,certifiee
2017,H,24,0.000570,certifiee
2017,H,25,0.000630,certifiee
2017,H,26,0.000710,certifiee
2017,H,27,0.000680,certifiee
2017,H,28,0.000760,certifiee
2017,H,29,0.000760,certifiee
2017,H,3,0.000140,certifiee
2017,H,30,0.000750,certifiee
2017,H,31,0.000810,certifiee
2017,H,32,0.000940,certifiee
2017,H,33,0.000870,certifiee
2017,H,34,0.000900,certifiee
2017,H,35,0.001040,certifiee
2017,H,36,0.001140,certifiee
2017,H,37,0.001130,certifiee
2017,H,38,0.001130,certifiee
2017,H,39,0.001330,certifiee
2017,H,4,0.000090,certifiee
2017,H,40,0.001460,certifiee
2017,H,41,0.001520,certifiee
2017,H,42,0.001820,certifiee
2017,H,43,0.002000,certifiee
2017,H,44,0.002010,certifiee
2017,H,45,0.002260,certifiee
2017,H,46,0.002580,certifiee
2017,H,47,0.002750,certifiee
2017,H,48,0.003040,certifiee
2017,H,49,0.003510,certifiee
2017,H,5,0.000120,certifiee
2017,H,50,0.003740,certifiee
2017,H,51,0.004130,certifiee
2017,H,52,0.004530,certifiee
2017,H,53,0.005110,certifiee
2017,H,54,0.005300,certifiee
2017,H,55,0.005840,certifiee
2017,H,56,0.006700,certifiee
2017,H,57,0.007140,certifiee
2017,H,58,0.008120,certifiee
2017,H,59,0.008790,certifiee
2017,H,6,0.000100,certifiee
2017,H,60,0.009480,certifiee
2017,H,61,0.010720,certifiee
2017,H,62,0.011420,certifiee
2017,H,63,0.012030,certifiee
2017,H,64,0.012520,certifiee
2017,H,65,0.013570,certifiee
2017,H,66,0.014450,certifiee
2017,H,67,0.015270,certifiee
2017,H,68,0.015840,certifiee
2017,H,69,0.017250,certifiee
2017,H,7,0.000090,certifiee
2017,H,70,0.018620,certifiee
2017,H,71,0.019720,certifiee
2017,H,72,0.021000,certifiee
2017,H,73,0.023070,certifiee
2017,H,74,0.025150,certifiee
2017,H,75,0.027630,certifiee
2017,H,76,0.028950,certifiee
2017,H,77,0.033410,certifiee
2017,H,78,0.037270,certifiee
2017,H,79,0.040650,certifiee
2017,H,8,0.000080,certifiee
2017,H,80,0.044590,certifiee
2017,H,81,0.051330,certifiee
2017,H,82,0.058310,certifiee
2017,H,83,0.065280,certifiee
2017,H,84,0.075170,certifiee
2017,H,85,0.082810,certifiee
2017,H,86,0.095440,certifiee
2017,H,87,0.109590,certifiee
2017,H,88,0.122840,certifiee
2017,H,89,0.140190,certifiee
2017,H,9,0.000040,certifiee
2017,H,90,0.154320,certifiee
2017,H,91,0.173310,certifiee
2017,H,92,0.192270,certifiee
2017,H,93,0.210060,certifiee
2017,H,94,0.234710,certifiee
2018,F,0,0.003630,certifiee
2018,F,1,0.000240,certifiee
2018,F,10,0.000090,certifiee
2018,F,11,0.000040,certifiee
2018,F,12,0.000070,certifiee
2018,F,13,0.000080,certifiee
2018,F,14,0.000080,certifiee
2018,F,15,0.000110,certifiee
2018,F,16,0.000140,certifiee
2018,F,17,0.000120,certifiee
2018,F,18,0.000190,certifiee
2018,F,19,0.000180,certifiee
2018,F,2,0.000150,certifiee
2018,F,20,0.000180,certifiee
2018,F,21,0.000230,certifiee
2018,F,22,0.000200,certifiee
2018,F,23,0.000190,certifiee
2018,F,24,0.000200,certifiee
2018,F,25,0.000250,certifiee
2018,F,26,0.000240,certifiee
2018,F,27,0.000220,certifiee
2018,F,28,0.000290,certifiee
2018,F,29,0.000330,certifiee
2018,F,3,0.000130,certifiee
2018,F,30,0.000260,certifiee
2018,F,31,0.000320,certifiee
2018,F,32,0.000380,certifiee
2018,F,33,0.000390,certifiee
2018,F,34,0.000420,certifiee
2018,F,35,0.000450,certifiee
2018,F,36,0.000500,certifiee
2018,F,37,0.000560,certifiee
2018,F,38,0.000540,certifiee
2018,F,39,0.000630,certifiee
2018,F,4,0.000100,certifiee
2018,F,40,0.000750,certifiee
2018,F,41,0.000830,certifiee
2018,F,42,0.000870,certifiee
2018,F,43,0.001060,certifiee
2018,F,44,0.001200,certifiee
2018,F,45,0.001230,certifiee
2018,F,46,0.001350,certifiee
2018,F,47,0.001420,certifiee
2018,F,48,0.001660,certifiee
2018,F,49,0.001920,certifiee
2018,F,5,0.000080,certifiee
2018,F,50,0.002000,certifiee
2018,F,51,0.002230,certifiee
2018,F,52,0.002260,certifiee
2018,F,53,0.002590,certifiee
2018,F,54,0.002720,certifiee
2018,F,55,0.002990,certifiee
2018,F,56,0.003470,certifiee
2018,F,57,0.003670,certifiee
2018,F,58,0.003690,certifiee
2018,F,59,0.004240,certifiee
2018,F,6,0.000100,certifiee
2018,F,60,0.004450,certifiee
2018,F,61,0.004640,certifiee
2018,F,62,0.005060,certifiee
2018,F,63,0.005380,certifiee
2018,F,64,0.005710,certifiee
2018,F,65,0.006210,certifiee
2018,F,66,0.006720,certifiee
2018,F,67,0.007100,certifiee
2018,F,68,0.007680,certifiee
2018,F,69,0.007960,certifiee
2018,F,7,0.000060,certifiee
2018,F,70,0.008740,certifiee
2018,F,71,0.009670,certifiee
2018,F,72,0.010480,certifiee
2018,F,73,0.011370,certifiee
2018,F,74,0.013230,certifiee
2018,F,75,0.014210,certifiee
2018,F,76,0.015860,certifiee
2018,F,77,0.016920,certifiee
2018,F,78,0.020310,certifiee
2018,F,79,0.022750,certifiee
2018,F,8,0.000070,certifiee
2018,F,80,0.025850,certifiee
2018,F,81,0.029980,certifiee
2018,F,82,0.033480,certifiee
2018,F,83,0.039190,certifiee
2018,F,84,0.045420,certifiee
2018,F,85,0.052570,certifiee
2018,F,86,0.061230,certifiee
2018,F,87,0.071950,certifiee
2018,F,88,0.081370,certifiee
2018,F,89,0.096060,certifiee
2018,F,9,0.000060,certifiee
2018,F,90,0.110600,certifiee
2018,F,91,0.125050,certifiee
2018,F,92,0.139880,certifiee
2018,F,93,0.161200,certifiee
2018,F,94,0.180520,certifiee
2018,H,0,0.004400,certifiee
2018,H,1,0.000310,certifiee
2018,H,10,0.000070,certifiee
2018,H,11,0.000090,certifiee
2018,H,12,0.000110,certifiee
2018,H,13,0.000100,certifiee
2018,H,14,0.000160,certifiee
2018,H,15,0.000210,certifiee
2018,H,16,0.000240,certifiee
2018,H,17,0.000270,certifiee
2018,H,18,0.000370,certifiee
2018,H,19,0.000520,certifiee
2018,H,2,0.000190,certifiee
2018,H,20,0.000510,certifiee
2018,H,21,0.000640,certifiee
2018,H,22,0.000570,certifiee
2018,H,23,0.000640,certifiee
2018,H,24,0.000680,certifiee
2018,H,25,0.000670,certifiee
2018,H,26,0.000660,certifiee
2018,H,27,0.000620,certifiee
2018,H,28,0.000630,certifiee
2018,H,29,0.000810,certifiee
2018,H,3,0.000120,certifiee
2018,H,30,0.000820,certifiee
2018,H,31,0.000780,certifiee
2018,H,32,0.000820,certifiee
2018,H,33,0.000910,certifiee
2018,H,34,0.000980,certifiee
2018,H,35,0.001060,certifiee
2018,H,36,0.001130,certifiee
2018,H,37,0.001220,certifiee
2018,H,38,0.001290,certifiee
2018,H,39,0.001460,certifiee
2018,H,4,0.000130,certifiee
2018,H,40,0.001450,certifiee
2018,H,41,0.001560,certifiee
2018,H,42,0.001650,certifiee
2018,H,43,0.001890,certifiee
2018,H,44,0.002070,certifiee
2018,H,45,0.002400,certifiee
2018,H,46,0.002470,certifiee
2018,H,47,0.002790,certifiee
2018,H,48,0.003010,certifiee
2018,H,49,0.003410,certifiee
2018,H,5,0.000090,certifiee
2018,H,50,0.003730,certifiee
2018,H,51,0.004060,certifiee
2018,H,52,0.004500,certifiee
2018,H,53,0.004890,certifiee
2018,H,54,0.005400,certifiee
2018,H,55,0.005870,certifiee
2018,H,56,0.006460,certifiee
2018,H,57,0.007080,certifiee
2018,H,58,0.007870,certifiee
2018,H,59,0.008490,certifiee
2018,H,6,0.000070,certifiee
2018,H,60,0.009110,certifiee
2018,H,61,0.010240,certifiee
2018,H,62,0.011170,certifiee
2018,H,63,0.012070,certifiee
2018,H,64,0.012730,certifiee
2018,H,65,0.013220,certifiee
2018,H,66,0.014170,certifiee
2018,H,67,0.014900,certifiee
2018,H,68,0.016620,certifiee
2018,H,69,0.017350,certifiee
2018,H,7,0.000060,certifiee
2018,H,70,0.017830,certifiee
2018,H,71,0.019770,certifiee
2018,H,72,0.021350,certifiee
2018,H,73,0.023280,certifiee
2018,H,74,0.025220,certifiee
2018,H,75,0.027120,certifiee
2018,H,76,0.029800,certifiee
2018,H,77,0.031320,certifiee
2018,H,78,0.036940,certifiee
2018,H,79,0.040420,certifiee
2018,H,8,0.000060,certifiee
2018,H,80,0.044040,certifiee
2018,H,81,0.050230,certifiee
2018,H,82,0.055420,certifiee
2018,H,83,0.064750,certifiee
2018,H,84,0.071570,certifiee
2018,H,85,0.082360,certifiee
2018,H,86,0.093190,certifiee
2018,H,87,0.105850,certifiee
2018,H,88,0.121020,certifiee
2018,H,89,0.137710,certifiee
2018,H,9,0.000070,certifiee
2018,H,90,0.155370,certifiee
2018,H,91,0.172250,certifiee
2018,H,92,0.192400,certifiee
2018,H,93,0.210680,certifiee
2018,H,94,0.225700,certifiee
2019,F,0,0.003550,certifiee
2019,F,1,0.000230,certifiee
2019,F,10,0.000040,certifiee
2019,F,11,0.000050,certifiee
2019,F,12,0.000080,certifiee
2019,F,13,0.000100,certifiee
2019,F,14,0.000090,certifiee
2019,F,15,0.000140,certifiee
2019,F,16,0.000140,certifiee
2019,F,17,0.000130,certifiee
2019,F,18,0.000220,certifiee
2019,F,19,0.000130,certifiee
2019,F,2,0.000170,certifiee
2019,F,20,0.000190,certifiee
2019,F,21,0.000200,certifiee
2019,F,22,0.000220,certifiee
2019,F,23,0.000210,certifiee
2019,F,24,0.000200,certifiee
2019,F,25,0.000190,certifiee
2019,F,26,0.000230,certifiee
2019,F,27,0.000280,certifiee
2019,F,28,0.000290,certifiee
2019,F,29,0.000270,certifiee
2019,F,3,0.000100,certifiee
2019,F,30,0.000360,certifiee
2019,F,31,0.000300,certifiee
2019,F,32,0.000330,certifiee
2019,F,33,0.000360,certifiee
2019,F,34,0.000440,certifiee
2019,F,35,0.000480,certifiee
2019,F,36,0.000470,certifiee
2019,F,37,0.000600,certifiee
2019,F,38,0.000610,certifiee
2019,F,39,0.000660,certifiee
2019,F,4,0.000080,certifiee
2019,F,40,0.000700,certifiee
2019,F,41,0.000840,certifiee
2019,F,42,0.000810,certifiee
2019,F,43,0.000910,certifiee
2019,F,44,0.001030,certifiee
2019,F,45,0.001160,certifiee
2019,F,46,0.001330,certifiee
2019,F,47,0.001540,certifiee
2019,F,48,0.001580,certifiee
2019,F,49,0.001780,certifiee
2019,F,5,0.000080,certifiee
2019,F,50,0.001960,certifiee
2019,F,51,0.002260,certifiee
2019,F,52,0.002420,certifiee
2019,F,53,0.002510,certifiee
2019,F,54,0.002670,certifiee
2019,F,55,0.002950,certifiee
2019,F,56,0.003090,certifiee
2019,F,57,0.003340,certifiee
2019,F,58,0.003790,certifiee
2019,F,59,0.004050,certifiee
2019,F,6,0.000070,certifiee
2019,F,60,0.004470,certifiee
2019,F,61,0.004840,certifiee
2019,F,62,0.005020,certifiee
2019,F,63,0.005310,certifiee
2019,F,64,0.005800,certifiee
2019,F,65,0.006170,certifiee
2019,F,66,0.006380,certifiee
2019,F,67,0.007180,certifiee
2019,F,68,0.007620,certifiee
2019,F,69,0.008150,certifiee
2019,F,7,0.000060,certifiee
2019,F,70,0.008700,certifiee
2019,F,71,0.009670,certifiee
2019,F,72,0.010680,certifiee
2019,F,73,0.011510,certifiee
2019,F,74,0.012840,certifiee
2019,F,75,0.014580,certifiee
2019,F,76,0.015260,certifiee
2019,F,77,0.018010,certifiee
2019,F,78,0.018730,certifiee
2019,F,79,0.022370,certifiee
2019,F,8,0.000040,certifiee
2019,F,80,0.025870,certifiee
2019,F,81,0.029570,certifiee
2019,F,82,0.033430,certifiee
2019,F,83,0.038910,certifiee
2019,F,84,0.045160,certifiee
2019,F,85,0.051430,certifiee
2019,F,86,0.058970,certifiee
2019,F,87,0.069460,certifiee
2019,F,88,0.081530,certifiee
2019,F,89,0.093370,certifiee
2019,F,9,0.000080,certifiee
2019,F,90,0.106460,certifiee
2019,F,91,0.125000,certifiee
2019,F,92,0.139660,certifiee
2019,F,93,0.160220,certifiee
2019,F,94,0.182490,certifiee
2019,H,0,0.004460,certifiee
2019,H,1,0.000370,certifiee
2019,H,10,0.000070,certifiee
2019,H,11,0.000070,certifiee
2019,H,12,0.000080,certifiee
2019,H,13,0.000100,certifiee
2019,H,14,0.000140,certifiee
2019,H,15,0.000180,certifiee
2019,H,16,0.000250,certifiee
2019,H,17,0.000290,certifiee
2019,H,18,0.000450,certifiee
2019,H,19,0.000540,certifiee
2019,H,2,0.000230,certifiee
2019,H,20,0.000520,certifiee
2019,H,21,0.000530,certifiee
2019,H,22,0.000550,certifiee
2019,H,23,0.000570,certifiee
2019,H,24,0.000610,certifiee
2019,H,25,0.000620,certifiee
2019,H,26,0.000820,certifiee
2019,H,27,0.000660,certifiee
2019,H,28,0.000760,certifiee
2019,H,29,0.000740,certifiee
2019,H,3,0.000130,certifiee
2019,H,30,0.000800,certifiee
2019,H,31,0.000870,certifiee
2019,H,32,0.000920,certifiee
2019,H,33,0.000960,certifiee
2019,H,34,0.000950,certifiee
2019,H,35,0.001020,certifiee
2019,H,36,0.001090,certifiee
2019,H,37,0.001180,certifiee
2019,H,38,0.001300,certifiee
2019,H,39,0.001360,certifiee
2019,H,4,0.000140,certifiee
2019,H,40,0.001410,certifiee
2019,H,41,0.001480,certifiee
2019,H,42,0.001610,certifiee
2019,H,43,0.001820,certifiee
2019,H,44,0.002070,certifiee
2019,H,45,0.002190,certifiee
2019,H,46,0.002390,certifiee
2019,H,47,0.002710,certifiee
2019,H,48,0.003040,certifiee
2019,H,49,0.003270,certifiee
2019,H,5,0.000110,certifiee
2019,H,50,0.003750,certifiee
2019,H,51,0.003860,certifiee
2019,H,52,0.004440,certifiee
2019,H,53,0.004860,certifiee
2019,H,54,0.005080,certifiee
2019,H,55,0.005730,certifiee
2019,H,56,0.006260,certifiee
2019,H,57,0.006610,certifiee
2019,H,58,0.007460,certifiee
2019,H,59,0.008360,certifiee
2019,H,6,0.000080,certifiee
2019,H,60,0.009040,certifiee
2019,H,61,0.009950,certifiee
2019,H,62,0.010590,certifiee
2019,H,63,0.011800,certifiee
2019,H,64,0.012250,certifiee
2019,H,65,0.013440,certifiee
2019,H,66,0.014380,certifiee
2019,H,67,0.014920,certifiee
2019,H,68,0.015710,certifiee
2019,H,69,0.017220,certifiee
2019,H,7,0.000090,certifiee
2019,H,70,0.018510,certifiee
2019,H,71,0.019680,certifiee
2019,H,72,0.020960,certifiee
2019,H,73,0.022340,certifiee
2019,H,74,0.024780,certifiee
2019,H,75,0.026780,certifiee
2019,H,76,0.029590,certifiee
2019,H,77,0.032730,certifiee
2019,H,78,0.034080,certifiee
2019,H,79,0.040440,certifiee
2019,H,8,0.000070,certifiee
2019,H,80,0.043920,certifiee
2019,H,81,0.049210,certifiee
2019,H,82,0.053970,certifiee
2019,H,83,0.061540,certifiee
2019,H,84,0.071780,certifiee
2019,H,85,0.080200,certifiee
2019,H,86,0.091390,certifiee
2019,H,87,0.103590,certifiee
2019,H,88,0.117460,certifiee
2019,H,89,0.131980,certifiee
2019,H,9,0.000090,certifiee
2019,H,90,0.150690,certifiee
2019,H,91,0.170530,certifiee
2019,H,92,0.191790,certifiee
2019,H,93,0.208920,certifiee
2019,H,94,0.233220,certifiee
2020,F,0,0.003440,certifiee
2020,F,1,0.000230,certifiee
2020,F,10,0.000060,certifiee
2020,F,11,0.000070,certifiee
2020,F,12,0.000070,certifiee
2020,F,13,0.000080,certifiee
2020,F,14,0.000080,certifiee
2020,F,15,0.000100,certifiee
2020,F,16,0.000110,certifiee
2020,F,17,0.000110,certifiee
2020,F,18,0.000220,certifiee
2020,F,19,0.000160,certifiee
2020,F,2,0.000170,certifiee
2020,F,20,0.000200,certifiee
2020,F,21,0.000180,certifiee
2020,F,22,0.000240,certifiee
2020,F,23,0.000260,certifiee
2020,F,24,0.000190,certifiee
2020,F,25,0.000220,certifiee
2020,F,26,0.000190,certifiee
2020,F,27,0.000230,certifiee
2020,F,28,0.000280,certifiee
2020,F,29,0.000290,certifiee
2020,F,3,0.000090,certifiee
2020,F,30,0.000350,certifiee
2020,F,31,0.000340,certifiee
2020,F,32,0.000330,certifiee
2020,F,33,0.000420,certifiee
2020,F,34,0.000380,certifiee
2020,F,35,0.000450,certifiee
2020,F,36,0.000470,certifiee
2020,F,37,0.000480,certifiee
2020,F,38,0.000550,certifiee
2020,F,39,0.000630,certifiee
2020,F,4,0.000070,certifiee
2020,F,40,0.000700,certifiee
2020,F,41,0.000810,certifiee
2020,F,42,0.000850,certifiee
2020,F,43,0.001000,certifiee
2020,F,44,0.001040,certifiee
2020,F,45,0.001140,certifiee
2020,F,46,0.001260,certifiee
2020,F,47,0.001480,certifiee
2020,F,48,0.001600,certifiee
2020,F,49,0.001810,certifiee
2020,F,5,0.000060,certifiee
2020,F,50,0.002010,certifiee
2020,F,51,0.002110,certifiee
2020,F,52,0.002420,certifiee
2020,F,53,0.002530,certifiee
2020,F,54,0.002730,certifiee
2020,F,55,0.002950,certifiee
2020,F,56,0.003160,certifiee
2020,F,57,0.003550,certifiee
2020,F,58,0.003830,certifiee
2020,F,59,0.004130,certifiee
2020,F,6,0.000060,certifiee
2020,F,60,0.004470,certifiee
2020,F,61,0.004780,certifiee
2020,F,62,0.005090,certifiee
2020,F,63,0.005570,certifiee
2020,F,64,0.006100,certifiee
2020,F,65,0.006540,certifiee
2020,F,66,0.006920,certifiee
2020,F,67,0.007230,certifiee
2020,F,68,0.007970,certifiee
2020,F,69,0.008510,certifiee
2020,F,7,0.000050,certifiee
2020,F,70,0.009760,certifiee
2020,F,71,0.009960,certifiee
2020,F,72,0.010870,certifiee
2020,F,73,0.011990,certifiee
2020,F,74,0.013560,certifiee
2020,F,75,0.015400,certifiee
2020,F,76,0.017030,certifiee
2020,F,77,0.019000,certifiee
2020,F,78,0.021560,certifiee
2020,F,79,0.023510,certifiee
2020,F,8,0.000060,certifiee
2020,F,80,0.028220,certifiee
2020,F,81,0.031970,certifiee
2020,F,82,0.036230,certifiee
2020,F,83,0.041350,certifiee
2020,F,84,0.047640,certifiee
2020,F,85,0.055490,certifiee
2020,F,86,0.065340,certifiee
2020,F,87,0.074030,certifiee
2020,F,88,0.086450,certifiee
2020,F,89,0.098910,certifiee
2020,F,9,0.000050,certifiee
2020,F,90,0.116360,certifiee
2020,F,91,0.135400,certifiee
2020,F,92,0.151050,certifiee
2020,F,93,0.169690,certifiee
2020,F,94,0.194060,certifiee
2020,H,0,0.004070,certifiee
2020,H,1,0.000210,certifiee
2020,H,10,0.000060,certifiee
2020,H,11,0.000070,certifiee
2020,H,12,0.000110,certifiee
2020,H,13,0.000120,certifiee
2020,H,14,0.000140,certifiee
2020,H,15,0.000180,certifiee
2020,H,16,0.000220,certifiee
2020,H,17,0.000290,certifiee
2020,H,18,0.000460,certifiee
2020,H,19,0.000480,certifiee
2020,H,2,0.000210,certifiee
2020,H,20,0.000540,certifiee
2020,H,21,0.000580,certifiee
2020,H,22,0.000560,certifiee
2020,H,23,0.000540,certifiee
2020,H,24,0.000550,certifiee
2020,H,25,0.000650,certifiee
2020,H,26,0.000640,certifiee
2020,H,27,0.000660,certifiee
2020,H,28,0.000730,certifiee
2020,H,29,0.000720,certifiee
2020,H,3,0.000090,certifiee
2020,H,30,0.000720,certifiee
2020,H,31,0.000830,certifiee
2020,H,32,0.000720,certifiee
2020,H,33,0.000980,certifiee
2020,H,34,0.001040,certifiee
2020,H,35,0.001060,certifiee
2020,H,36,0.001100,certifiee
2020,H,37,0.001140,certifiee
2020,H,38,0.001240,certifiee
2020,H,39,0.001330,certifiee
2020,H,4,0.000130,certifiee
2020,H,40,0.001450,certifiee
2020,H,41,0.001560,certifiee
2020,H,42,0.001740,certifiee
2020,H,43,0.001890,certifiee
2020,H,44,0.002010,certifiee
2020,H,45,0.002410,certifiee
2020,H,46,0.002380,certifiee
2020,H,47,0.002770,certifiee
2020,H,48,0.003080,certifiee
2020,H,49,0.003450,certifiee
2020,H,5,0.000070,certifiee
2020,H,50,0.003630,certifiee
2020,H,51,0.004260,certifiee
2020,H,52,0.004410,certifiee
2020,H,53,0.004760,certifiee
2020,H,54,0.005230,certifiee
2020,H,55,0.005710,certifiee
2020,H,56,0.006350,certifiee
2020,H,57,0.007120,certifiee
2020,H,58,0.007630,certifiee
2020,H,59,0.008410,certifiee
2020,H,6,0.000070,certifiee
2020,H,60,0.009290,certifiee
2020,H,61,0.010070,certifiee
2020,H,62,0.011360,certifiee
2020,H,63,0.011920,certifiee
2020,H,64,0.012780,certifiee
2020,H,65,0.013830,certifiee
2020,H,66,0.014920,certifiee
2020,H,67,0.015760,certifiee
2020,H,68,0.017430,certifiee
2020,H,69,0.018170,certifiee
2020,H,7,0.000080,certifiee
2020,H,70,0.019500,certifiee
2020,H,71,0.020990,certifiee
2020,H,72,0.022830,certifiee
2020,H,73,0.024540,certifiee
2020,H,74,0.026950,certifiee
2020,H,75,0.029450,certifiee
2020,H,76,0.032690,certifiee
2020,H,77,0.035870,certifiee
2020,H,78,0.039790,certifiee
2020,H,79,0.042250,certifiee
2020,H,8,0.000090,certifiee
2020,H,80,0.049450,certifiee
2020,H,81,0.053700,certifiee
2020,H,82,0.060530,certifiee
2020,H,83,0.067910,certifiee
2020,H,84,0.077640,certifiee
2020,H,85,0.089240,certifiee
2020,H,86,0.099230,certifiee
2020,H,87,0.113810,certifiee
2020,H,88,0.128960,certifiee
2020,H,89,0.147430,certifiee
2020,H,9,0.000100,certifiee
2020,H,90,0.165240,certifiee
2020,H,91,0.184530,certifiee
2020,H,92,0.209850,certifiee
2020,H,93,0.227850,certifiee
2020,H,94,0.258820,certifiee
2021,F,0,0.003550,certifiee
2021,F,1,0.000230,certifiee
2021,F,10,0.000060,certifiee
2021,F,11,0.000050,certifiee
2021,F,12,0.000080,certifiee
2021,F,13,0.000070,certifiee
2021,F,14,0.000100,certifiee
2021,F,15,0.000110,certifiee
2021,F,16,0.000120,certifiee
2021,F,17,0.000090,certifiee
2021,F,18,0.000180,certifiee
2021,F,19,0.000210,certifiee
2021,F,2,0.000160,certifiee
2021,F,20,0.000230,certifiee
2021,F,21,0.000200,certifiee
2021,F,22,0.000200,certifiee
2021,F,23,0.000190,certifiee
2021,F,24,0.000230,certifiee
2021,F,25,0.000250,certifiee
2021,F,26,0.000190,certifiee
2021,F,27,0.000250,certifiee
2021,F,28,0.000290,certifiee
2021,F,29,0.000310,certifiee
2021,F,3,0.000110,certifiee
2021,F,30,0.000290,certifiee
2021,F,31,0.000310,certifiee
2021,F,32,0.000330,certifiee
2021,F,33,0.000380,certifiee
2021,F,34,0.000420,certifiee
2021,F,35,0.000510,certifiee
2021,F,36,0.000490,certifiee
2021,F,37,0.000520,certifiee
2021,F,38,0.000550,certifiee
2021,F,39,0.000660,certifiee
2021,F,4,0.000100,certifiee
2021,F,40,0.000710,certifiee
2021,F,41,0.000760,certifiee
2021,F,42,0.000900,certifiee
2021,F,43,0.000950,certifiee
2021,F,44,0.000970,certifiee
2021,F,45,0.001150,certifiee
2021,F,46,0.001240,certifiee
2021,F,47,0.001280,certifiee
2021,F,48,0.001520,certifiee
2021,F,49,0.001710,certifiee
2021,F,5,0.000080,certifiee
2021,F,50,0.001950,certifiee
2021,F,51,0.002280,certifiee
2021,F,52,0.002330,certifiee
2021,F,53,0.002500,certifiee
2021,F,54,0.002770,certifiee
2021,F,55,0.002950,certifiee
2021,F,56,0.003120,certifiee
2021,F,57,0.003340,certifiee
2021,F,58,0.003780,certifiee
2021,F,59,0.004090,certifiee
2021,F,6,0.000070,certifiee
2021,F,60,0.004350,certifiee
2021,F,61,0.004900,certifiee
2021,F,62,0.005320,certifiee
2021,F,63,0.005900,certifiee
2021,F,64,0.006160,certifiee
2021,F,65,0.006840,certifiee
2021,F,66,0.007240,certifiee
2021,F,67,0.007400,certifiee
2021,F,68,0.008270,certifiee
2021,F,69,0.008900,certifiee
2021,F,7,0.000050,certifiee
2021,F,70,0.009810,certifiee
2021,F,71,0.010460,certifiee
2021,F,72,0.011070,certifiee
2021,F,73,0.012470,certifiee
2021,F,74,0.013660,certifiee
2021,F,75,0.015170,certifiee
2021,F,76,0.016940,certifiee
2021,F,77,0.019100,certifiee
2021,F,78,0.021050,certifiee
2021,F,79,0.024400,certifiee
2021,F,8,0.000060,certifiee
2021,F,80,0.026690,certifiee
2021,F,81,0.031890,certifiee
2021,F,82,0.035280,certifiee
2021,F,83,0.040770,certifiee
2021,F,84,0.047180,certifiee
2021,F,85,0.054000,certifiee
2021,F,86,0.061680,certifiee
2021,F,87,0.071570,certifiee
2021,F,88,0.082740,certifiee
2021,F,89,0.094130,certifiee
2021,F,9,0.000040,certifiee
2021,F,90,0.109370,certifiee
2021,F,91,0.127020,certifiee
2021,F,92,0.145920,certifiee
2021,F,93,0.163510,certifiee
2021,F,94,0.181860,certifiee
2021,H,0,0.004280,certifiee
2021,H,1,0.000260,certifiee
2021,H,10,0.000070,certifiee
2021,H,11,0.000070,certifiee
2021,H,12,0.000100,certifiee
2021,H,13,0.000140,certifiee
2021,H,14,0.000120,certifiee
2021,H,15,0.000180,certifiee
2021,H,16,0.000240,certifiee
2021,H,17,0.000310,certifiee
2021,H,18,0.000330,certifiee
2021,H,19,0.000490,certifiee
2021,H,2,0.000190,certifiee
2021,H,20,0.000550,certifiee
2021,H,21,0.000590,certifiee
2021,H,22,0.000660,certifiee
2021,H,23,0.000570,certifiee
2021,H,24,0.000600,certifiee
2021,H,25,0.000610,certifiee
2021,H,26,0.000700,certifiee
2021,H,27,0.000670,certifiee
2021,H,28,0.000700,certifiee
2021,H,29,0.000760,certifiee
2021,H,3,0.000130,certifiee
2021,H,30,0.000810,certifiee
2021,H,31,0.000860,certifiee
2021,H,32,0.000880,certifiee
2021,H,33,0.000900,certifiee
2021,H,34,0.000940,certifiee
2021,H,35,0.001130,certifiee
2021,H,36,0.001100,certifiee
2021,H,37,0.001290,certifiee
2021,H,38,0.001250,certifiee
2021,H,39,0.001430,certifiee
2021,H,4,0.000130,certifiee
2021,H,40,0.001470,certifiee
2021,H,41,0.001600,certifiee
2021,H,42,0.001770,certifiee
2021,H,43,0.002020,certifiee
2021,H,44,0.002030,certifiee
2021,H,45,0.002300,certifiee
2021,H,46,0.002520,certifiee
2021,H,47,0.002730,certifiee
2021,H,48,0.003050,certifiee
2021,H,49,0.003340,certifiee
2021,H,5,0.000110,certifiee
2021,H,50,0.003660,certifiee
2021,H,51,0.004060,certifiee
2021,H,52,0.004490,certifiee
2021,H,53,0.005070,certifiee
2021,H,54,0.005360,certifiee
2021,H,55,0.005850,certifiee
2021,H,56,0.006520,certifiee
2021,H,57,0.006970,certifiee
2021,H,58,0.007670,certifiee
2021,H,59,0.008160,certifiee
2021,H,6,0.000100,certifiee
2021,H,60,0.009180,certifiee
2021,H,61,0.010110,certifiee
2021,H,62,0.010810,certifiee
2021,H,63,0.012140,certifiee
2021,H,64,0.012910,certifiee
2021,H,65,0.013950,certifiee
2021,H,66,0.015690,certifiee
2021,H,67,0.016340,certifiee
2021,H,68,0.017440,certifiee
2021,H,69,0.018430,certifiee
2021,H,7,0.000100,certifiee
2021,H,70,0.020060,certifiee
2021,H,71,0.021130,certifiee
2021,H,72,0.022660,certifiee
2021,H,73,0.024760,certifiee
2021,H,74,0.026860,certifiee
2021,H,75,0.029030,certifiee
2021,H,76,0.032270,certifiee
2021,H,77,0.035280,certifiee
2021,H,78,0.038610,certifiee
2021,H,79,0.044010,certifiee
2021,H,8,0.000070,certifiee
2021,H,80,0.045490,certifiee
2021,H,81,0.053460,certifiee
2021,H,82,0.059110,certifiee
2021,H,83,0.067470,certifiee
2021,H,84,0.074640,certifiee
2021,H,85,0.084070,certifiee
2021,H,86,0.095470,certifiee
2021,H,87,0.109040,certifiee
2021,H,88,0.121910,certifiee
2021,H,89,0.140100,certifiee
2021,H,9,0.000070,certifiee
2021,H,90,0.156560,certifiee
2021,H,91,0.178770,certifiee
2021,H,92,0.198520,certifiee
2021,H,93,0.224550,certifiee
2021,H,94,0.240780,certifiee
2022,F,0,0.003740,certifiee
2022,F,1,0.000270,certifiee
2022,F,10,0.000070,certifiee
2022,F,11,0.000070,certifiee
2022,F,12,0.000060,certifiee
2022,F,13,0.000130,certifiee
2022,F,14,0.000120,certifiee
2022,F,15,0.000100,certifiee
2022,F,16,0.000140,certifiee
2022,F,17,0.000180,certifiee
2022,F,18,0.000190,certifiee
2022,F,19,0.000210,certifiee
2022,F,2,0.000190,certifiee
2022,F,20,0.000230,certifiee
2022,F,21,0.000240,certifiee
2022,F,22,0.000240,certifiee
2022,F,23,0.000220,certifiee
2022,F,24,0.000260,certifiee
2022,F,25,0.000290,certifiee
2022,F,26,0.000220,certifiee
2022,F,27,0.000270,certifiee
2022,F,28,0.000280,certifiee
2022,F,29,0.000300,certifiee
2022,F,3,0.000130,certifiee
2022,F,30,0.000300,certifiee
2022,F,31,0.000350,certifiee
2022,F,32,0.000370,certifiee
2022,F,33,0.000430,certifiee
2022,F,34,0.000450,certifiee
2022,F,35,0.000420,certifiee
2022,F,36,0.000460,certifiee
2022,F,37,0.000550,certifiee
2022,F,38,0.000630,certifiee
2022,F,39,0.000730,certifiee
2022,F,4,0.000090,certifiee
2022,F,40,0.000670,certifiee
2022,F,41,0.000810,certifiee
2022,F,42,0.000870,certifiee
2022,F,43,0.000970,certifiee
2022,F,44,0.001010,certifiee
2022,F,45,0.001140,certifiee
2022,F,46,0.001230,certifiee
2022,F,47,0.001460,certifiee
2022,F,48,0.001510,certifiee
2022,F,49,0.001660,certifiee
2022,F,5,0.000110,certifiee
2022,F,50,0.001860,certifiee
2022,F,51,0.002060,certifiee
2022,F,52,0.002200,certifiee
2022,F,53,0.002530,certifiee
2022,F,54,0.002720,certifiee
2022,F,55,0.002940,certifiee
2022,F,56,0.003070,certifiee
2022,F,57,0.003510,certifiee
2022,F,58,0.003650,certifiee
2022,F,59,0.003920,certifiee
2022,F,6,0.000090,certifiee
2022,F,60,0.004420,certifiee
2022,F,61,0.004750,certifiee
2022,F,62,0.005250,certifiee
2022,F,63,0.005580,certifiee
2022,F,64,0.006040,certifiee
2022,F,65,0.006570,certifiee
2022,F,66,0.007200,certifiee
2022,F,67,0.007790,certifiee
2022,F,68,0.008150,certifiee
2022,F,69,0.008900,certifiee
2022,F,7,0.000080,certifiee
2022,F,70,0.009530,certifiee
2022,F,71,0.010760,certifiee
2022,F,72,0.011440,certifiee
2022,F,73,0.012180,certifiee
2022,F,74,0.013980,certifiee
2022,F,75,0.014940,certifiee
2022,F,76,0.017020,certifiee
2022,F,77,0.019390,certifiee
2022,F,78,0.021410,certifiee
2022,F,79,0.023560,certifiee
2022,F,8,0.000060,certifiee
2022,F,80,0.027580,certifiee
2022,F,81,0.029730,certifiee
2022,F,82,0.036330,certifiee
2022,F,83,0.040890,certifiee
2022,F,84,0.046970,certifiee
2022,F,85,0.053440,certifiee
2022,F,86,0.062060,certifiee
2022,F,87,0.072630,certifiee
2022,F,88,0.083000,certifiee
2022,F,89,0.096030,certifiee
2022,F,9,0.000070,certifiee
2022,F,90,0.111280,certifiee
2022,F,91,0.128270,certifiee
2022,F,92,0.147010,certifiee
2022,F,93,0.168640,certifiee
2022,F,94,0.189960,certifiee
2022,H,0,0.004590,certifiee
2022,H,1,0.000260,certifiee
2022,H,10,0.000100,certifiee
2022,H,11,0.000100,certifiee
2022,H,12,0.000090,certifiee
2022,H,13,0.000110,certifiee
2022,H,14,0.000160,certifiee
2022,H,15,0.000170,certifiee
2022,H,16,0.000250,certifiee
2022,H,17,0.000250,certifiee
2022,H,18,0.000390,certifiee
2022,H,19,0.000550,certifiee
2022,H,2,0.000210,certifiee
2022,H,20,0.000560,certifiee
2022,H,21,0.000630,certifiee
2022,H,22,0.000610,certifiee
2022,H,23,0.000650,certifiee
2022,H,24,0.000670,certifiee
2022,H,25,0.000640,certifiee
2022,H,26,0.000660,certifiee
2022,H,27,0.000730,certifiee
2022,H,28,0.000720,certifiee
2022,H,29,0.000710,certifiee
2022,H,3,0.000170,certifiee
2022,H,30,0.000810,certifiee
2022,H,31,0.000770,certifiee
2022,H,32,0.000860,certifiee
2022,H,33,0.000920,certifiee
2022,H,34,0.000990,certifiee
2022,H,35,0.001050,certifiee
2022,H,36,0.001180,certifiee
2022,H,37,0.001210,certifiee
2022,H,38,0.001410,certifiee
2022,H,39,0.001530,certifiee
2022,H,4,0.000100,certifiee
2022,H,40,0.001570,certifiee
2022,H,41,0.001670,certifiee
2022,H,42,0.001830,certifiee
2022,H,43,0.001940,certifiee
2022,H,44,0.002050,certifiee
2022,H,45,0.002250,certifiee
2022,H,46,0.002490,certifiee
2022,H,47,0.002720,certifiee
2022,H,48,0.002990,certifiee
2022,H,49,0.003130,certifiee
2022,H,5,0.000110,certifiee
2022,H,50,0.003680,certifiee
2022,H,51,0.003940,certifiee
2022,H,52,0.004420,certifiee
2022,H,53,0.004860,certifiee
2022,H,54,0.005310,certifiee
2022,H,55,0.005580,certifiee
2022,H,56,0.006240,certifiee
2022,H,57,0.006830,certifiee
2022,H,58,0.007430,certifiee
2022,H,59,0.007920,certifiee
2022,H,6,0.000110,certifiee
2022,H,60,0.008940,certifiee
2022,H,61,0.009650,certifiee
2022,H,62,0.010750,certifiee
2022,H,63,0.011770,certifiee
2022,H,64,0.012730,certifiee
2022,H,65,0.013530,certifiee
2022,H,66,0.015290,certifiee
2022,H,67,0.015820,certifiee
2022,H,68,0.016590,certifiee
2022,H,69,0.018210,certifiee
2022,H,7,0.000070,certifiee
2022,H,70,0.019450,certifiee
2022,H,71,0.020740,certifiee
2022,H,72,0.022240,certifiee
2022,H,73,0.024610,certifiee
2022,H,74,0.025880,certifiee
2022,H,75,0.028310,certifiee
2022,H,76,0.031390,certifiee
2022,H,77,0.034340,certifiee
2022,H,78,0.037770,certifiee
2022,H,79,0.041840,certifiee
2022,H,8,0.000090,certifiee
2022,H,80,0.046680,certifiee
2022,H,81,0.049310,certifiee
2022,H,82,0.057950,certifiee
2022,H,83,0.063450,certifiee
2022,H,84,0.073170,certifiee
2022,H,85,0.082370,certifiee
2022,H,86,0.094970,certifiee
2022,H,87,0.107420,certifiee
2022,H,88,0.122720,certifiee
2022,H,89,0.139860,certifiee
2022,H,9,0.000090,certifiee
2022,H,90,0.157250,certifiee
2022,H,91,0.176350,certifiee
2022,H,92,0.204690,certifiee
2022,H,93,0.221420,certifiee
2022,H,94,0.251360,certifiee
2023,F,0,0.003960,certifiee
2023,F,1,0.000260,certifiee
2023,F,10,0.000090,certifiee
2023,F,11,0.000070,certifiee
2023,F,12,0.000070,certifiee
2023,F,13,0.000080,certifiee
2023,F,14,0.000100,certifiee
2023,F,15,0.000100,certifiee
2023,F,16,0.000120,certifiee
2023,F,17,0.000120,certifiee
2023,F,18,0.000200,certifiee
2023,F,19,0.000180,certifiee
2023,F,2,0.000180,certifiee
2023,F,20,0.000240,certifiee
2023,F,21,0.000180,certifiee
2023,F,22,0.000230,certifiee
2023,F,23,0.000200,certifiee
2023,F,24,0.000250,certifiee
2023,F,25,0.000220,certifiee
2023,F,26,0.000230,certifiee
2023,F,27,0.000260,certifiee
2023,F,28,0.000270,certifiee
2023,F,29,0.000280,certifiee
2023,F,3,0.000120,certifiee
2023,F,30,0.000250,certifiee
2023,F,31,0.000390,certifiee
2023,F,32,0.000340,certifiee
2023,F,33,0.000370,certifiee
2023,F,34,0.000390,certifiee
2023,F,35,0.000420,certifiee
2023,F,36,0.000480,certifiee
2023,F,37,0.000600,certifiee
2023,F,38,0.000640,certifiee
2023,F,39,0.000660,certifiee
2023,F,4,0.000110,certifiee
2023,F,40,0.000800,certifiee
2023,F,41,0.000790,certifiee
2023,F,42,0.000800,certifiee
2023,F,43,0.000850,certifiee
2023,F,44,0.000990,certifiee
2023,F,45,0.001120,certifiee
2023,F,46,0.001170,certifiee
2023,F,47,0.001300,certifiee
2023,F,48,0.001490,certifiee
2023,F,49,0.001680,certifiee
2023,F,5,0.000110,certifiee
2023,F,50,0.001850,certifiee
2023,F,51,0.001970,certifiee
2023,F,52,0.002230,certifiee
2023,F,53,0.002410,certifiee
2023,F,54,0.002460,certifiee
2023,F,55,0.003000,certifiee
2023,F,56,0.003040,certifiee
2023,F,57,0.003250,certifiee
2023,F,58,0.003590,certifiee
2023,F,59,0.003890,certifiee
2023,F,6,0.000060,certifiee
2023,F,60,0.004110,certifiee
2023,F,61,0.004650,certifiee
2023,F,62,0.005110,certifiee
2023,F,63,0.005370,certifiee
2023,F,64,0.006050,certifiee
2023,F,65,0.006250,certifiee
2023,F,66,0.006490,certifiee
2023,F,67,0.007370,certifiee
2023,F,68,0.008070,certifiee
2023,F,69,0.008820,certifiee
2023,F,7,0.000070,certifiee
2023,F,70,0.009530,certifiee
2023,F,71,0.009830,certifiee
2023,F,72,0.011010,certifiee
2023,F,73,0.011740,certifiee
2023,F,74,0.012410,certifiee
2023,F,75,0.013950,certifiee
2023,F,76,0.016160,certifiee
2023,F,77,0.017540,certifiee
2023,F,78,0.019910,certifiee
2023,F,79,0.022780,certifiee
2023,F,8,0.000070,certifiee
2023,F,80,0.025340,certifiee
2023,F,81,0.028750,certifiee
2023,F,82,0.031350,certifiee
2023,F,83,0.039340,certifiee
2023,F,84,0.044220,certifiee
2023,F,85,0.050970,certifiee
2023,F,86,0.058250,certifiee
2023,F,87,0.065680,certifiee
2023,F,88,0.076680,certifiee
2023,F,89,0.087250,certifiee
2023,F,9,0.000050,certifiee
2023,F,90,0.101170,certifiee
2023,F,91,0.116900,certifiee
2023,F,92,0.135800,certifiee
2023,F,93,0.155920,certifiee
2023,F,94,0.175800,certifiee
2023,H,0,0.004330,certifiee
2023,H,1,0.000350,certifiee
2023,H,10,0.000070,certifiee
2023,H,11,0.000090,certifiee
2023,H,12,0.000090,certifiee
2023,H,13,0.000110,certifiee
2023,H,14,0.000150,certifiee
2023,H,15,0.000180,certifiee
2023,H,16,0.000270,certifiee
2023,H,17,0.000300,certifiee
2023,H,18,0.000420,certifiee
2023,H,19,0.000500,certifiee
2023,H,2,0.000200,certifiee
2023,H,20,0.000580,certifiee
2023,H,21,0.000580,certifiee
2023,H,22,0.000630,certifiee
2023,H,23,0.000610,certifiee
2023,H,24,0.000630,certifiee
2023,H,25,0.000650,certifiee
2023,H,26,0.000630,certifiee
2023,H,27,0.000680,certifiee
2023,H,28,0.000730,certifiee
2023,H,29,0.000680,certifiee
2023,H,3,0.000150,certifiee
2023,H,30,0.000790,certifiee
2023,H,31,0.000790,certifiee
2023,H,32,0.000840,certifiee
2023,H,33,0.000930,certifiee
2023,H,34,0.000960,certifiee
2023,H,35,0.001000,certifiee
2023,H,36,0.001100,certifiee
2023,H,37,0.001230,certifiee
2023,H,38,0.001310,certifiee
2023,H,39,0.001460,certifiee
2023,H,4,0.000120,certifiee
2023,H,40,0.001490,certifiee
2023,H,41,0.001700,certifiee
2023,H,42,0.001740,certifiee
2023,H,43,0.001840,certifiee
2023,H,44,0.002020,certifiee
2023,H,45,0.002250,certifiee
2023,H,46,0.002300,certifiee
2023,H,47,0.002480,certifiee
2023,H,48,0.002800,certifiee
2023,H,49,0.003050,certifiee
2023,H,5,0.000090,certifiee
2023,H,50,0.003530,certifiee
2023,H,51,0.003620,certifiee
2023,H,52,0.004200,certifiee
2023,H,53,0.004590,certifiee
2023,H,54,0.005010,certifiee
2023,H,55,0.005590,certifiee
2023,H,56,0.005850,certifiee
2023,H,57,0.006300,certifiee
2023,H,58,0.006870,certifiee
2023,H,59,0.007490,certifiee
2023,H,6,0.000080,certifiee
2023,H,60,0.008170,certifiee
2023,H,61,0.009060,certifiee
2023,H,62,0.010140,certifiee
2023,H,63,0.010920,certifiee
2023,H,64,0.011490,certifiee
2023,H,65,0.012890,certifiee
2023,H,66,0.013980,certifiee
2023,H,67,0.015160,certifiee
2023,H,68,0.016110,certifiee
2023,H,69,0.017200,certifiee
2023,H,7,0.000090,certifiee
2023,H,70,0.018700,certifiee
2023,H,71,0.019860,certifiee
2023,H,72,0.021370,certifiee
2023,H,73,0.022650,certifiee
2023,H,74,0.024530,certifiee
2023,H,75,0.026830,certifiee
2023,H,76,0.029700,certifiee
2023,H,77,0.031740,certifiee
2023,H,78,0.035440,certifiee
2023,H,79,0.039530,certifiee
2023,H,8,0.000060,certifiee
2023,H,80,0.042020,certifiee
2023,H,81,0.047840,certifiee
2023,H,82,0.051110,certifiee
2023,H,83,0.061080,certifiee
2023,H,84,0.067470,certifiee
2023,H,85,0.076380,certifiee
2023,H,86,0.085600,certifiee
2023,H,87,0.098780,certifiee
2023,H,88,0.109360,certifiee
2023,H,89,0.124760,certifiee
2023,H,9,0.000090,certifiee
2023,H,90,0.141980,certifiee
2023,H,91,0.157770,certifiee
2023,H,92,0.179340,certifiee
2023,H,93,0.200970,certifiee
2023,H,94,0.224880,certifiee
2024,F,0,0.003920,certifiee
2024,F,1,0.000280,certifiee
2024,F,10,0.000090,certifiee
2024,F,11,0.000070,certifiee
2024,F,12,0.000060,certifiee
2024,F,13,0.000110,certifiee
2024,F,14,0.000120,certifiee
2024,F,15,0.000140,certifiee
2024,F,16,0.000150,certifiee
2024,F,17,0.000120,certifiee
2024,F,18,0.000210,certifiee
2024,F,19,0.000240,certifiee
2024,F,2,0.000170,certifiee
2024,F,20,0.000260,certifiee
2024,F,21,0.000200,certifiee
2024,F,22,0.000230,certifiee
2024,F,23,0.000210,certifiee
2024,F,24,0.000190,certifiee
2024,F,25,0.000270,certifiee
2024,F,26,0.000240,certifiee
2024,F,27,0.000240,certifiee
2024,F,28,0.000260,certifiee
2024,F,29,0.000290,certifiee
2024,F,3,0.000090,certifiee
2024,F,30,0.000290,certifiee
2024,F,31,0.000290,certifiee
2024,F,32,0.000340,certifiee
2024,F,33,0.000370,certifiee
2024,F,34,0.000360,certifiee
2024,F,35,0.000380,certifiee
2024,F,36,0.000490,certifiee
2024,F,37,0.000520,certifiee
2024,F,38,0.000540,certifiee
2024,F,39,0.000640,certifiee
2024,F,4,0.000120,certifiee
2024,F,40,0.000670,certifiee
2024,F,41,0.000750,certifiee
2024,F,42,0.000910,certifiee
2024,F,43,0.000840,certifiee
2024,F,44,0.000950,certifiee
2024,F,45,0.001100,certifiee
2024,F,46,0.001250,certifiee
2024,F,47,0.001360,certifiee
2024,F,48,0.001340,certifiee
2024,F,49,0.001560,certifiee
2024,F,5,0.000090,certifiee
2024,F,50,0.001790,certifiee
2024,F,51,0.001970,certifiee
2024,F,52,0.002130,certifiee
2024,F,53,0.002250,certifiee
2024,F,54,0.002400,certifiee
2024,F,55,0.002660,certifiee
2024,F,56,0.002990,certifiee
2024,F,57,0.003420,certifiee
2024,F,58,0.003600,certifiee
2024,F,59,0.003870,certifiee
2024,F,6,0.000080,certifiee
2024,F,60,0.004220,certifiee
2024,F,61,0.004510,certifiee
2024,F,62,0.005120,certifiee
2024,F,63,0.005470,certifiee
2024,F,64,0.005980,certifiee
2024,F,65,0.006180,certifiee
2024,F,66,0.006750,certifiee
2024,F,67,0.006920,certifiee
2024,F,68,0.007990,certifiee
2024,F,69,0.008600,certifiee
2024,F,7,0.000090,certifiee
2024,F,70,0.009240,certifiee
2024,F,71,0.009920,certifiee
2024,F,72,0.010950,certifiee
2024,F,73,0.011790,certifiee
2024,F,74,0.012900,certifiee
2024,F,75,0.013870,certifiee
2024,F,76,0.015330,certifiee
2024,F,77,0.017240,certifiee
2024,F,78,0.019990,certifiee
2024,F,79,0.022230,certifiee
2024,F,8,0.000080,certifiee
2024,F,80,0.024970,certifiee
2024,F,81,0.028630,certifiee
2024,F,82,0.033990,certifiee
2024,F,83,0.035460,certifiee
2024,F,84,0.044080,certifiee
2024,F,85,0.050530,certifiee
2024,F,86,0.057220,certifiee
2024,F,87,0.066300,certifiee
2024,F,88,0.075630,certifiee
2024,F,89,0.088830,certifiee
2024,F,9,0.000050,certifiee
2024,F,90,0.102180,certifiee
2024,F,91,0.116930,certifiee
2024,F,92,0.131250,certifiee
2024,F,93,0.150460,certifiee
2024,F,94,0.172060,certifiee
2024,H,0,0.004750,certifiee
2024,H,1,0.000300,certifiee
2024,H,10,0.000090,certifiee
2024,H,11,0.000080,certifiee
2024,H,12,0.000110,certifiee
2024,H,13,0.000130,certifiee
2024,H,14,0.000120,certifiee
2024,H,15,0.000180,certifiee
2024,H,16,0.000240,certifiee
2024,H,17,0.000320,certifiee
2024,H,18,0.000460,certifiee
2024,H,19,0.000490,certifiee
2024,H,2,0.000220,certifiee
2024,H,20,0.000490,certifiee
2024,H,21,0.000670,certifiee
2024,H,22,0.000610,certifiee
2024,H,23,0.000630,certifiee
2024,H,24,0.000600,certifiee
2024,H,25,0.000550,certifiee
2024,H,26,0.000710,certifiee
2024,H,27,0.000710,certifiee
2024,H,28,0.000810,certifiee
2024,H,29,0.000760,certifiee
2024,H,3,0.000160,certifiee
2024,H,30,0.000770,certifiee
2024,H,31,0.000790,certifiee
2024,H,32,0.000810,certifiee
2024,H,33,0.000830,certifiee
2024,H,34,0.000930,certifiee
2024,H,35,0.001000,certifiee
2024,H,36,0.001140,certifiee
2024,H,37,0.001160,certifiee
2024,H,38,0.001260,certifiee
2024,H,39,0.001410,certifiee
2024,H,4,0.000150,certifiee
2024,H,40,0.001520,certifiee
2024,H,41,0.001520,certifiee
2024,H,42,0.001710,certifiee
2024,H,43,0.001850,certifiee
2024,H,44,0.002100,certifiee
2024,H,45,0.002100,certifiee
2024,H,46,0.002390,certifiee
2024,H,47,0.002610,certifiee
2024,H,48,0.002840,certifiee
2024,H,49,0.003000,certifiee
2024,H,5,0.000090,certifiee
2024,H,50,0.003390,certifiee
2024,H,51,0.003720,certifiee
2024,H,52,0.004100,certifiee
2024,H,53,0.004550,certifiee
2024,H,54,0.004870,certifiee
2024,H,55,0.005420,certifiee
2024,H,56,0.005970,certifiee
2024,H,57,0.006410,certifiee
2024,H,58,0.007000,certifiee
2024,H,59,0.007260,certifiee
2024,H,6,0.000100,certifiee
2024,H,60,0.008060,certifiee
2024,H,61,0.008740,certifiee
2024,H,62,0.009330,certifiee
2024,H,63,0.010730,certifiee
2024,H,64,0.011440,certifiee
2024,H,65,0.012680,certifiee
2024,H,66,0.013420,certifiee
2024,H,67,0.015030,certifiee
2024,H,68,0.015800,certifiee
2024,H,69,0.017010,certifiee
2024,H,7,0.000070,certifiee
2024,H,70,0.017900,certifiee
2024,H,71,0.019570,certifiee
2024,H,72,0.020780,certifiee
2024,H,73,0.022730,certifiee
2024,H,74,0.024650,certifiee
2024,H,75,0.025970,certifiee
2024,H,76,0.028920,certifiee
2024,H,77,0.031900,certifiee
2024,H,78,0.034180,certifiee
2024,H,79,0.037820,certifiee
2024,H,8,0.000090,certifiee
2024,H,80,0.041560,certifiee
2024,H,81,0.047170,certifiee
2024,H,82,0.053130,certifiee
2024,H,83,0.056250,certifiee
2024,H,84,0.067660,certifiee
2024,H,85,0.075440,certifiee
2024,H,86,0.084730,certifiee
2024,H,87,0.093890,certifiee
2024,H,88,0.107390,certifiee
2024,H,89,0.122100,certifiee
2024,H,9,0.000080,certifiee
2024,H,90,0.138430,certifiee
2024,H,91,0.157090,certifiee
2024,H,92,0.173220,certifiee
2024,H,93,0.195880,certifiee
2024,H,94,0.219910,certifiee
